08:05:24 22:09:04 UTC,400.0,0.07,51.36,1.04,0.0,85.41,66.0,31.8
08:05:24 22:10:24 UTC,400.0,0.06,51.36,0.98,0.0,85.41,66.0,31.8
08:05:24 22:10:35 UTC,400.0,0.07,51.36,1.06,0.0,85.41,66.0,31.8
08:05:24 22:10:45 UTC,400.0,0.07,53.03,1.04,0.0,88.21,66.0,31.8
08:05:24 22:10:56 UTC,400.0,0.06,55.52,0.98,0.0,92.42,66.0,31.8
08:05:24 22:11:06 UTC,400.0,0.06,51.36,0.97,0.0,85.41,66.0,31.9
08:05:24 22:11:17 UTC,405.0,0.06,51.36,0.99,6.0,85.41,66.0,31.9
08:05:24 22:11:27 UTC,405.0,0.06,58.01,0.95,11.0,96.63,66.0,31.9
08:05:24 22:11:38 UTC,402.0,0.06,51.36,0.98,1.0,85.41,66.0,31.9
08:05:24 22:11:49 UTC,407.0,0.06,51.36,0.95,0.0,85.41,66.0,31.9
08:05:24 22:11:59 UTC,400.0,0.06,52.19,0.94,0.0,86.81,66.0,31.9
08:05:24 22:12:10 UTC,400.0,0.06,52.19,0.98,0.0,86.81,66.0,31.9
08:05:24 22:12:20 UTC,400.0,0.06,59.67,0.95,9.0,99.44,66.0,31.9
08:05:24 22:12:31 UTC,412.0,0.06,51.36,0.94,6.0,85.41,66.0,31.9
08:05:24 22:12:41 UTC,400.0,0.06,52.19,0.93,0.0,86.81,66.0,31.9
08:05:24 22:12:52 UTC,405.0,0.06,52.19,0.93,2.0,86.81,66.0,31.9
08:05:24 22:13:02 UTC,428.0,0.06,53.03,0.94,25.0,88.21,66.0,31.9
08:05:24 22:13:13 UTC,400.0,0.05,52.19,0.91,4.0,86.81,66.0,31.9
08:05:24 22:13:23 UTC,410.0,0.05,52.19,0.88,8.0,86.81,66.0,31.9
08:05:24 22:13:34 UTC,415.0,0.06,52.19,0.92,18.0,86.81,66.0,31.9
08:05:24 22:13:45 UTC,409.0,0.05,52.19,0.9,24.0,86.81,66.0,31.9
08:05:24 22:13:55 UTC,424.0,0.06,52.19,0.91,38.0,86.81,66.0,31.9
08:05:24 22:14:06 UTC,404.0,0.06,52.19,0.92,13.0,86.81,66.0,31.9
08:05:24 22:14:16 UTC,424.0,0.05,55.52,0.89,30.0,92.42,66.0,31.9
08:05:24 22:14:27 UTC,445.0,0.05,53.86,0.92,56.0,89.62,66.0,31.9
08:05:24 22:14:37 UTC,442.0,0.05,52.19,0.9,98.0,86.81,66.0,31.9
08:05:24 22:14:48 UTC,422.0,0.05,53.86,0.87,94.0,89.62,66.0,31.9
08:05:24 22:14:58 UTC,422.0,0.05,54.69,0.86,62.0,91.02,66.0,31.9
08:05:24 22:15:32 UTC,400.0,0.05,52.19,0.83,0.0,86.81,66.0,31.9
08:05:24 22:15:43 UTC,400.0,0.05,52.19,0.83,0.0,86.81,66.0,31.9
08:05:24 22:15:53 UTC,400.0,0.05,52.19,0.82,0.0,86.81,66.0,31.9
08:05:24 22:16:04 UTC,400.0,0.04,54.69,0.78,0.0,91.02,66.0,31.9
08:05:24 22:16:14 UTC,421.0,0.05,53.03,0.85,2.0,88.21,66.0,31.9
08:05:24 22:16:25 UTC,404.0,0.05,53.03,0.83,1.0,88.21,66.0,31.9
08:05:24 22:16:36 UTC,438.0,0.05,53.03,0.84,26.0,88.21,66.0,31.9
08:05:24 22:16:46 UTC,421.0,0.05,53.86,0.82,38.0,89.62,66.0,31.9
08:05:24 22:16:57 UTC,418.0,0.04,52.19,0.8,0.0,86.81,66.0,31.9
08:05:24 22:17:07 UTC,400.0,0.04,53.03,0.77,6.0,88.21,66.0,31.9
08:05:24 22:17:18 UTC,400.0,0.04,52.19,0.77,0.0,86.81,66.0,31.9
08:05:24 22:17:28 UTC,416.0,0.04,52.19,0.8,0.0,86.81,66.0,31.9
08:05:24 22:17:39 UTC,423.0,0.05,52.19,0.85,19.0,86.81,66.0,31.9
08:05:24 22:17:49 UTC,433.0,0.05,52.19,0.87,33.0,86.81,66.0,31.9
08:05:24 22:18:00 UTC,428.0,0.05,53.86,0.85,22.0,89.62,66.0,31.9
08:05:24 22:18:10 UTC,409.0,0.05,52.19,0.82,38.0,86.81,66.0,31.9
08:05:24 22:18:21 UTC,413.0,0.04,52.19,0.8,24.0,86.81,66.0,31.9
08:05:24 22:18:32 UTC,432.0,0.05,52.19,0.83,24.0,86.81,66.0,31.9
08:05:24 22:18:42 UTC,436.0,0.05,59.67,0.83,51.0,99.44,66.0,31.9
08:05:24 22:18:53 UTC,432.0,0.05,51.36,0.82,68.0,85.41,66.0,31.9
08:05:24 22:19:03 UTC,440.0,0.04,52.19,0.79,77.0,86.81,66.0,31.9
08:05:24 22:19:14 UTC,446.0,0.04,52.19,0.76,80.0,86.81,66.0,31.9
08:05:24 22:19:24 UTC,424.0,0.04,52.19,0.74,72.0,86.81,66.0,31.9
08:05:24 22:19:35 UTC,426.0,0.04,53.03,0.74,56.0,88.21,66.0,31.9
08:05:24 22:19:45 UTC,417.0,0.04,52.19,0.72,25.0,86.81,66.0,31.9
08:05:24 22:19:56 UTC,428.0,0.04,54.69,0.75,26.0,91.02,66.0,31.9
08:05:24 22:20:07 UTC,427.0,0.04,53.03,0.72,31.0,88.21,66.0,31.9
08:05:24 22:20:17 UTC,430.0,0.04,51.36,0.73,40.0,85.41,66.0,31.9
08:05:24 22:20:28 UTC,429.0,0.04,53.03,0.71,45.0,88.21,66.0,31.9
08:05:24 22:20:38 UTC,415.0,0.04,52.19,0.71,35.0,86.81,66.0,31.9
08:05:24 22:20:49 UTC,416.0,0.04,52.19,0.71,38.0,86.81,66.0,31.9
08:05:24 22:20:59 UTC,400.0,0.04,52.19,0.71,40.0,86.81,66.0,31.9
08:05:24 22:21:10 UTC,447.0,0.04,53.86,0.71,56.0,89.62,66.0,31.9
08:05:24 22:21:20 UTC,408.0,0.03,53.03,0.63,51.0,88.21,66.0,31.9
08:05:24 22:21:31 UTC,420.0,0.03,56.35,0.65,23.0,93.82,66.0,31.9
08:05:24 22:23:32 UTC,400.0,0.01,10.69,0.38,0.0,17.82,66.0,31.9
08:05:24 22:23:42 UTC,400.0,0.05,9.86,0.84,0.0,16.43,66.0,31.9
08:05:24 22:23:53 UTC,400.0,0.04,9.86,0.77,0.0,16.43,66.0,31.9
08:05:24 22:24:04 UTC,432.0,0.03,9.86,0.67,49.0,16.43,66.0,31.9
08:05:24 22:24:14 UTC,409.0,0.02,9.86,0.53,48.0,16.43,66.0,31.9
08:05:24 22:24:25 UTC,441.0,0.02,9.86,0.51,82.0,16.43,66.0,31.9
08:05:24 22:24:35 UTC,478.0,0.02,10.69,0.47,120.0,17.82,66.0,31.9
08:05:24 22:24:46 UTC,502.0,0.02,9.86,0.43,172.0,16.43,66.0,31.9
08:05:24 22:24:56 UTC,511.0,0.01,9.86,0.39,210.0,16.43,66.0,31.9
08:05:24 22:25:07 UTC,504.0,0.01,9.86,0.33,223.0,16.43,66.0,31.9
08:05:24 22:25:17 UTC,455.0,0.01,10.69,0.28,164.0,17.82,66.0,31.9
08:05:24 22:25:28 UTC,431.0,0.01,10.69,0.25,108.0,17.82,66.0,31.9
08:05:24 22:25:39 UTC,408.0,0.01,10.69,0.27,33.0,17.82,66.0,31.9
08:05:24 22:25:49 UTC,403.0,0.01,9.86,0.27,17.0,16.43,66.0,31.9
08:05:24 22:26:00 UTC,439.0,0.01,12.35,0.28,50.0,20.59,66.0,31.9
08:05:24 22:26:10 UTC,485.0,0.01,10.69,0.27,123.0,17.82,66.0,31.9
08:05:24 22:26:21 UTC,492.0,0.01,10.69,0.26,157.0,17.82,66.0,31.8
08:05:24 22:26:31 UTC,497.0,0.01,9.86,0.24,172.0,16.43,66.0,31.8
08:05:24 22:26:42 UTC,511.0,0.01,9.86,0.23,200.0,16.43,66.0,31.8
08:05:24 22:26:52 UTC,473.0,0.0,10.69,0.2,189.0,17.82,66.0,31.8
08:05:24 22:27:03 UTC,486.0,0.0,14.84,0.21,167.0,24.74,66.0,31.8
08:05:24 22:27:13 UTC,504.0,0.0,13.18,0.2,169.0,21.97,66.0,31.8
08:05:24 22:27:24 UTC,527.0,0.0,10.69,0.2,204.0,17.82,66.0,31.8
08:05:24 22:27:35 UTC,530.0,0.0,25.63,0.19,238.0,42.72,66.0,31.8
08:05:24 22:27:45 UTC,519.0,0.0,10.69,0.18,225.0,17.82,66.0,31.7
08:05:24 22:27:56 UTC,478.0,0.0,11.52,0.15,182.0,19.2,66.0,31.7
08:05:24 22:28:06 UTC,470.0,0.0,9.86,0.15,138.0,16.43,66.0,31.7
08:05:24 22:28:17 UTC,502.0,0.0,10.69,0.16,137.0,17.82,66.0,31.7
08:05:24 22:28:27 UTC,527.0,0.0,9.86,0.16,208.0,16.43,66.0,31.7
08:05:24 22:28:38 UTC,564.0,0.0,11.52,0.16,278.0,19.2,66.0,31.7
08:05:24 22:28:48 UTC,471.0,0.0,14.01,0.14,192.0,23.35,66.0,31.7
08:05:24 22:28:59 UTC,486.0,0.0,9.86,0.14,182.0,16.43,66.0,31.7
08:05:24 22:29:10 UTC,456.0,0.0,9.86,0.13,126.0,16.43,66.0,31.7
08:05:24 22:29:20 UTC,495.0,0.0,10.69,0.13,144.0,17.82,66.0,31.7
08:05:24 22:29:31 UTC,508.0,0.0,10.69,0.13,156.0,17.82,66.0,31.7
08:05:24 22:29:41 UTC,504.0,0.0,10.69,0.13,191.0,17.82,66.0,31.7
08:05:24 22:29:52 UTC,520.0,0.0,14.01,0.13,212.0,23.35,66.0,31.7
08:05:24 22:30:02 UTC,489.0,0.0,9.86,0.12,206.0,16.43,66.0,31.7
08:05:24 22:30:13 UTC,487.0,0.0,11.52,0.11,162.0,19.2,66.0,31.7
08:05:24 22:30:23 UTC,462.0,0.0,10.69,0.11,114.0,17.82,66.0,31.7
08:05:24 22:30:34 UTC,453.0,0.0,9.86,0.11,106.0,16.43,66.0,31.7
08:05:24 22:30:44 UTC,478.0,0.0,12.35,0.11,93.0,20.59,66.0,31.7
08:05:24 22:30:55 UTC,511.0,0.0,9.86,0.11,172.0,16.43,66.0,31.7
08:05:24 22:31:06 UTC,520.0,0.0,9.86,0.11,195.0,16.43,66.0,31.7
08:05:24 22:31:16 UTC,537.0,0.0,18.16,0.11,216.0,30.27,66.0,31.7
08:05:24 22:31:27 UTC,493.0,0.0,10.69,0.1,196.0,17.82,66.0,31.7
08:05:24 22:31:37 UTC,497.0,0.0,9.86,0.09,162.0,16.43,66.0,31.7
08:05:24 22:31:48 UTC,466.0,0.0,9.86,0.09,145.0,16.43,66.0,31.7
08:05:24 22:31:58 UTC,460.0,0.0,9.86,0.09,96.0,16.43,66.0,31.7
08:05:24 22:32:09 UTC,507.0,0.0,9.86,0.09,147.0,16.43,66.0,31.6
08:05:24 22:32:19 UTC,532.0,0.0,9.86,0.09,186.0,16.43,66.0,31.6
08:05:24 22:32:30 UTC,504.0,0.0,9.86,0.08,211.0,16.43,66.0,31.6
08:05:24 22:32:40 UTC,441.0,0.0,9.86,0.08,132.0,16.43,66.0,31.6
08:05:24 22:32:51 UTC,441.0,0.0,10.69,0.08,91.0,17.82,66.0,31.6
08:05:24 22:33:02 UTC,454.0,0.0,10.69,0.08,80.0,17.82,66.0,31.6
08:05:24 22:33:12 UTC,493.0,0.0,9.86,0.08,120.0,16.43,66.0,31.6
08:05:24 22:33:23 UTC,449.0,0.0,9.86,0.08,87.0,16.43,66.0,31.6
08:05:24 22:33:33 UTC,469.0,0.0,9.86,0.08,82.0,16.43,66.0,31.6
08:05:24 22:33:44 UTC,478.0,0.0,9.86,0.07,113.0,16.43,66.0,31.6
08:05:24 22:33:54 UTC,455.0,0.0,24.8,0.07,92.0,41.34,66.0,31.6
08:05:24 22:34:05 UTC,441.0,0.0,11.52,0.07,88.0,19.2,66.0,31.6
08:05:24 22:34:15 UTC,463.0,0.0,9.86,0.07,78.0,16.43,66.0,31.6
08:05:24 22:34:26 UTC,455.0,0.0,10.69,0.06,78.0,17.82,66.0,31.5
08:05:24 22:34:37 UTC,487.0,0.0,9.86,0.07,101.0,16.43,66.0,31.5
08:05:24 22:34:47 UTC,473.0,0.0,10.69,0.07,105.0,17.82,66.0,31.5
08:05:24 22:34:58 UTC,476.0,0.0,11.52,0.07,118.0,19.2,66.0,31.5
08:05:24 22:35:08 UTC,515.0,0.0,9.86,0.07,157.0,16.43,66.0,31.5
08:05:24 22:35:19 UTC,513.0,0.0,11.52,0.07,182.0,19.2,66.0,31.5
08:05:24 22:35:29 UTC,476.0,0.0,9.86,0.06,158.0,16.43,66.0,31.5
08:05:24 22:35:40 UTC,482.0,0.0,14.01,0.06,116.0,23.35,67.0,31.5
08:05:24 22:35:50 UTC,490.0,0.0,9.86,0.06,109.0,16.43,67.0,31.5
08:05:24 22:36:01 UTC,475.0,0.0,9.03,0.06,133.0,15.05,67.0,31.5
08:05:24 22:36:11 UTC,487.0,0.0,10.69,0.06,120.0,17.82,67.0,31.5
08:05:24 22:36:22 UTC,460.0,0.0,11.52,0.06,84.0,19.2,67.0,31.5
08:05:24 22:36:33 UTC,453.0,0.0,9.86,0.05,60.0,16.43,67.0,31.5
08:05:24 22:36:43 UTC,406.0,0.0,9.86,0.05,4.0,16.43,67.0,31.5
08:05:24 22:36:54 UTC,415.0,0.0,9.86,0.05,0.0,16.43,67.0,31.5
08:05:24 22:37:04 UTC,407.0,0.0,9.86,0.05,0.0,16.43,67.0,31.5
08:05:24 22:37:15 UTC,431.0,0.0,9.86,0.05,11.0,16.43,67.0,31.5
08:05:24 22:37:25 UTC,493.0,0.0,10.69,0.05,95.0,17.82,67.0,31.5
08:05:24 22:37:36 UTC,484.0,0.0,9.86,0.05,134.0,16.43,67.0,31.5
08:05:24 22:37:46 UTC,471.0,0.0,9.86,0.05,130.0,16.43,67.0,31.5
08:05:24 22:37:57 UTC,464.0,0.0,9.86,0.05,124.0,16.43,67.0,31.5
08:05:24 22:38:07 UTC,464.0,0.0,9.86,0.05,112.0,16.43,67.0,31.5
08:05:24 22:38:18 UTC,405.0,0.0,11.52,0.04,42.0,19.2,67.0,31.5
08:05:24 22:38:29 UTC,407.0,0.0,17.33,0.04,0.0,28.89,67.0,31.5
08:05:24 22:38:39 UTC,441.0,0.0,10.69,0.05,24.0,17.82,67.0,31.5
08:05:24 22:38:50 UTC,458.0,0.0,10.69,0.05,47.0,17.82,67.0,31.5
08:05:24 22:39:00 UTC,478.0,0.0,9.86,0.05,83.0,16.43,67.0,31.4
08:05:24 22:39:11 UTC,456.0,0.0,9.86,0.04,95.0,16.43,67.0,31.4
08:05:24 22:39:21 UTC,459.0,0.0,10.69,0.04,91.0,17.82,67.0,31.4
08:05:24 22:39:32 UTC,449.0,0.0,9.03,0.04,87.0,15.05,67.0,31.4
08:05:24 22:39:42 UTC,474.0,0.0,9.86,0.04,96.0,16.43,67.0,31.4
08:05:24 22:39:53 UTC,453.0,0.0,9.86,0.04,68.0,16.43,67.0,31.4
08:05:24 22:40:04 UTC,483.0,0.0,9.86,0.04,121.0,16.43,67.0,31.3
08:05:24 22:40:14 UTC,490.0,0.0,9.86,0.04,147.0,16.43,67.0,31.3
08:05:24 22:40:25 UTC,489.0,0.0,12.35,0.04,149.0,20.59,67.0,31.3
08:05:24 22:40:35 UTC,474.0,0.0,9.86,0.04,131.0,16.43,67.0,31.3
08:05:24 22:40:46 UTC,441.0,0.0,9.86,0.04,67.0,16.43,67.0,31.4
08:05:24 22:40:56 UTC,432.0,0.0,11.52,0.04,45.0,19.2,67.0,31.4
08:05:24 22:41:07 UTC,433.0,0.0,9.86,0.04,17.0,16.43,67.0,31.4
08:05:24 22:41:17 UTC,480.0,0.0,9.86,0.04,76.0,16.43,67.0,31.4
08:05:24 22:41:28 UTC,466.0,0.0,9.86,0.04,103.0,16.43,67.0,31.4
08:05:24 22:41:38 UTC,407.0,0.0,10.69,0.03,26.0,17.82,67.0,31.4
08:05:24 22:41:49 UTC,409.0,0.0,26.46,0.03,16.0,44.1,67.0,31.4
08:05:24 22:42:00 UTC,402.0,0.0,9.86,0.03,0.0,16.43,67.0,31.4
08:05:24 22:42:10 UTC,407.0,0.0,9.86,0.03,0.0,16.43,67.0,31.4
08:05:24 22:42:21 UTC,413.0,0.0,10.69,0.03,0.0,17.82,67.0,31.4
08:05:24 22:42:31 UTC,442.0,0.0,9.86,0.03,0.0,16.43,67.0,31.4
08:05:24 22:42:42 UTC,416.0,0.0,9.86,0.03,9.0,16.43,67.0,31.4
08:05:24 22:42:52 UTC,439.0,0.0,9.86,0.03,31.0,16.43,67.0,31.4
08:05:24 22:43:03 UTC,435.0,0.0,9.86,0.03,40.0,16.43,67.0,31.4
08:05:24 22:43:13 UTC,411.0,0.0,10.69,0.03,33.0,17.82,67.0,31.4
08:05:24 22:43:24 UTC,433.0,0.0,10.69,0.03,29.0,17.82,67.0,31.4
08:05:24 22:43:35 UTC,424.0,0.0,9.86,0.03,21.0,16.43,67.0,31.4
08:05:24 22:43:45 UTC,445.0,0.0,14.01,0.03,41.0,23.35,67.0,31.4
08:05:24 22:43:56 UTC,469.0,0.0,10.69,0.03,65.0,17.82,67.0,31.4
08:05:24 22:44:06 UTC,454.0,0.0,10.69,0.03,87.0,17.82,67.0,31.4
08:05:24 22:44:17 UTC,415.0,0.0,12.35,0.03,57.0,20.59,67.0,31.4
08:05:24 22:44:27 UTC,463.0,0.0,9.86,0.03,59.0,16.43,67.0,31.5
08:05:24 22:44:38 UTC,442.0,0.0,9.86,0.03,74.0,16.43,67.0,31.5
08:05:24 22:44:48 UTC,467.0,0.0,10.69,0.03,79.0,17.82,67.0,31.5
08:05:24 22:44:59 UTC,436.0,0.0,22.31,0.03,76.0,37.19,67.0,31.5
08:05:24 22:45:09 UTC,414.0,0.0,9.86,0.03,27.0,16.43,67.0,31.5
08:05:24 22:45:20 UTC,452.0,0.0,9.86,0.03,51.0,16.43,67.0,31.5
08:05:24 22:45:31 UTC,438.0,0.0,10.69,0.03,45.0,17.82,67.0,31.4
08:05:24 22:45:41 UTC,422.0,0.0,9.86,0.03,48.0,16.43,67.0,31.4
08:05:24 22:45:52 UTC,414.0,0.0,10.69,0.03,28.0,17.82,67.0,31.5
08:05:24 22:46:02 UTC,441.0,0.0,9.86,0.03,25.0,16.43,67.0,31.4
08:05:24 22:46:13 UTC,433.0,0.0,9.86,0.03,47.0,16.43,67.0,31.4
08:05:24 22:46:23 UTC,445.0,0.0,10.69,0.03,26.0,17.82,67.0,31.4
08:05:24 22:46:34 UTC,404.0,0.0,10.69,0.02,10.0,17.82,67.0,31.4
08:05:24 22:46:44 UTC,415.0,0.0,11.52,0.03,0.0,19.2,67.0,31.4
08:05:24 22:46:55 UTC,428.0,0.0,9.86,0.03,0.0,16.43,67.0,31.4
08:05:24 22:47:05 UTC,400.0,0.0,9.86,0.02,0.0,16.43,67.0,31.4
08:05:24 22:47:16 UTC,400.0,0.0,11.52,0.02,0.0,19.2,67.0,31.3
08:05:24 22:47:27 UTC,400.0,0.0,9.86,0.02,0.0,16.43,67.0,31.3
08:05:24 22:47:37 UTC,400.0,0.0,9.86,0.03,0.0,16.43,67.0,31.3
08:05:24 22:47:48 UTC,400.0,0.0,10.69,0.02,0.0,17.82,67.0,31.3
08:05:24 22:47:58 UTC,400.0,0.0,10.69,0.02,0.0,17.82,67.0,31.3
08:05:24 22:48:09 UTC,400.0,0.0,9.03,0.02,0.0,15.05,67.0,31.3
08:05:24 22:48:19 UTC,412.0,0.0,13.18,0.02,0.0,21.97,67.0,31.3
08:05:24 22:48:30 UTC,435.0,0.0,9.86,0.02,14.0,16.43,67.0,31.3
08:05:24 22:48:40 UTC,431.0,0.0,9.86,0.02,57.0,16.43,67.0,31.3
08:05:24 22:48:51 UTC,450.0,0.0,11.52,0.02,56.0,19.2,67.0,31.3
08:05:24 22:49:02 UTC,424.0,0.0,11.52,0.02,32.0,19.2,67.0,31.3
08:05:24 22:49:12 UTC,431.0,0.0,12.35,0.02,8.0,20.59,67.0,31.4
08:05:24 22:49:23 UTC,459.0,0.0,9.86,0.02,56.0,16.43,67.0,31.4
08:05:24 22:49:33 UTC,462.0,0.0,11.52,0.02,61.0,19.2,67.0,31.4
08:05:24 22:49:44 UTC,441.0,0.0,9.86,0.02,47.0,16.43,67.0,31.4
08:05:24 22:49:54 UTC,413.0,0.0,13.18,0.02,32.0,21.97,67.0,31.5
08:05:24 22:50:05 UTC,456.0,0.0,9.03,0.02,64.0,15.05,67.0,31.5
08:05:24 22:50:15 UTC,438.0,0.0,12.35,0.02,24.0,20.59,67.0,31.5
08:05:24 22:50:26 UTC,460.0,0.0,11.52,0.02,68.0,19.2,67.0,31.5
08:05:24 22:50:36 UTC,472.0,0.0,9.86,0.02,85.0,16.43,67.0,31.5
08:05:24 22:50:47 UTC,444.0,0.0,9.86,0.02,57.0,16.43,66.0,31.5
08:05:24 22:50:58 UTC,428.0,0.0,10.69,0.02,17.0,17.82,66.0,31.5
08:05:24 22:51:08 UTC,428.0,0.0,9.03,0.02,0.0,15.05,66.0,31.6
08:05:24 22:51:19 UTC,400.0,0.0,9.86,0.02,3.0,16.43,66.0,31.6
08:05:24 22:51:29 UTC,418.0,0.0,9.86,0.02,0.0,16.43,66.0,31.6
08:05:24 22:51:40 UTC,425.0,0.0,9.86,0.02,0.0,16.43,66.0,31.6
08:05:24 22:51:50 UTC,450.0,0.0,9.86,0.02,4.0,16.43,66.0,31.6
08:05:24 22:52:01 UTC,426.0,0.0,9.86,0.02,30.0,16.43,66.0,31.6
08:05:24 22:52:11 UTC,426.0,0.0,10.69,0.02,8.0,17.82,66.0,31.6
08:05:24 22:52:22 UTC,443.0,0.0,9.86,0.02,27.0,16.43,66.0,31.6
08:05:24 22:52:33 UTC,431.0,0.0,9.03,0.02,20.0,15.05,66.0,31.6
08:05:24 22:52:43 UTC,420.0,0.0,10.69,0.02,2.0,17.82,66.0,31.6
08:05:24 22:52:54 UTC,400.0,0.0,9.86,0.02,0.0,16.43,66.0,31.6
08:05:24 22:53:04 UTC,426.0,0.0,9.86,0.02,0.0,16.43,66.0,31.6
08:05:24 22:53:15 UTC,441.0,0.0,11.52,0.02,39.0,19.2,66.0,31.6
08:05:24 22:53:25 UTC,432.0,0.0,9.86,0.02,33.0,16.43,66.0,31.6
08:05:24 22:53:36 UTC,400.0,0.0,9.86,0.02,0.0,16.43,66.0,31.6
08:05:24 22:53:46 UTC,400.0,0.0,10.69,0.02,0.0,17.82,66.0,31.5
08:05:24 22:53:57 UTC,402.0,0.0,13.18,0.02,0.0,21.97,66.0,31.5
08:05:24 22:54:07 UTC,432.0,0.0,9.86,0.02,0.0,16.43,66.0,31.5
08:05:24 22:54:18 UTC,441.0,0.0,9.86,0.02,28.0,16.43,66.0,31.5
08:05:24 22:54:29 UTC,433.0,0.0,9.03,0.02,37.0,15.05,66.0,31.4
08:05:24 22:54:39 UTC,400.0,0.0,10.69,0.02,0.0,17.82,67.0,31.4
08:05:24 22:54:50 UTC,400.0,0.0,9.86,0.02,0.0,16.43,67.0,31.4
08:05:24 22:55:00 UTC,400.0,0.0,11.52,0.02,0.0,19.2,67.0,31.3
08:05:24 22:55:11 UTC,400.0,0.0,9.86,0.02,0.0,16.43,67.0,31.3
08:05:24 22:55:21 UTC,400.0,0.0,9.86,0.02,0.0,16.43,67.0,31.3
08:05:24 22:55:32 UTC,411.0,0.0,9.86,0.02,0.0,16.43,67.0,31.3
08:05:24 22:55:42 UTC,400.0,0.0,9.03,0.02,0.0,15.05,67.0,31.2
08:05:24 22:55:53 UTC,402.0,0.0,10.69,0.02,0.0,17.82,68.0,31.2
08:05:24 22:56:03 UTC,400.0,0.0,11.52,0.02,0.0,19.2,68.0,31.2
08:05:24 22:56:14 UTC,400.0,0.0,9.86,0.02,0.0,16.43,68.0,31.2
08:05:24 22:56:25 UTC,400.0,0.0,12.35,0.02,0.0,20.59,68.0,31.2
08:05:24 22:56:35 UTC,400.0,0.0,9.86,0.02,0.0,16.43,68.0,31.2
08:05:24 22:56:46 UTC,403.0,0.0,9.86,0.02,0.0,16.43,68.0,31.2
08:05:24 22:56:56 UTC,402.0,0.0,15.67,0.02,0.0,26.12,68.0,31.2
08:05:24 22:57:07 UTC,400.0,0.0,11.52,0.02,0.0,19.2,68.0,31.2
08:05:24 22:57:17 UTC,400.0,0.0,9.86,0.01,0.0,16.43,68.0,31.2
08:05:24 22:57:28 UTC,406.0,0.0,17.33,0.02,0.0,28.89,68.0,31.2
08:05:24 22:57:38 UTC,416.0,0.0,9.86,0.02,0.0,16.43,68.0,31.2
08:05:24 22:57:49 UTC,407.0,0.0,10.69,0.01,0.0,17.82,68.0,31.2
08:05:24 22:58:00 UTC,400.0,0.0,9.86,0.01,0.0,16.43,68.0,31.2
08:05:24 22:58:10 UTC,407.0,0.0,9.86,0.01,0.0,16.43,68.0,31.2
08:05:24 22:58:21 UTC,400.0,0.0,10.69,0.01,0.0,17.82,68.0,31.2
08:05:24 22:58:31 UTC,400.0,0.0,9.86,0.02,0.0,16.43,68.0,31.2
08:05:24 22:58:42 UTC,400.0,0.0,9.86,0.01,0.0,16.43,68.0,31.2
08:05:24 22:58:52 UTC,400.0,0.0,12.35,0.01,0.0,20.59,68.0,31.2
08:05:24 22:59:03 UTC,401.0,0.0,9.03,0.01,0.0,15.05,68.0,31.2
08:05:24 22:59:13 UTC,400.0,0.0,9.86,0.01,0.0,16.43,68.0,31.2
08:05:24 22:59:24 UTC,400.0,0.0,9.86,0.01,0.0,16.43,68.0,31.2
08:05:24 22:59:34 UTC,400.0,0.0,9.86,0.01,0.0,16.43,68.0,31.2
08:05:24 22:59:45 UTC,400.0,0.0,9.86,0.01,0.0,16.43,68.0,31.2
08:05:24 22:59:56 UTC,421.0,0.0,9.86,0.01,0.0,16.43,68.0,31.2
08:05:24 23:00:06 UTC,414.0,0.0,9.86,0.01,0.0,16.43,68.0,31.2
08:05:24 23:00:17 UTC,415.0,0.0,9.86,0.01,24.0,16.43,68.0,31.2
08:05:24 23:00:27 UTC,400.0,0.0,11.52,0.01,0.0,19.2,68.0,31.2
08:05:24 23:00:38 UTC,400.0,0.0,9.86,0.01,0.0,16.43,68.0,31.2
08:05:24 23:00:48 UTC,400.0,0.0,9.86,0.01,0.0,16.43,68.0,31.2
08:05:24 23:00:59 UTC,400.0,0.0,15.67,0.01,0.0,26.12,68.0,31.3
08:05:24 23:01:09 UTC,400.0,0.0,10.69,0.01,0.0,17.82,68.0,31.3
08:05:24 23:01:20 UTC,400.0,0.0,11.52,0.01,0.0,19.2,68.0,31.3
08:05:24 23:01:30 UTC,400.0,0.0,9.86,0.01,0.0,16.43,68.0,31.3
08:05:24 23:01:41 UTC,407.0,0.0,9.86,0.01,0.0,16.43,68.0,31.3
08:05:24 23:01:52 UTC,411.0,0.0,9.86,0.01,0.0,16.43,68.0,31.3
08:05:24 23:02:02 UTC,426.0,0.0,9.86,0.01,3.0,16.43,68.0,31.3
08:05:24 23:02:13 UTC,424.0,0.0,12.35,0.01,17.0,20.59,68.0,31.3
08:05:24 23:02:23 UTC,430.0,0.0,9.03,0.01,39.0,15.05,68.0,31.3
08:05:24 23:02:34 UTC,448.0,0.0,9.03,0.01,54.0,15.05,68.0,31.3
08:05:24 23:02:44 UTC,442.0,0.0,22.31,0.01,61.0,37.19,68.0,31.3
08:05:24 23:02:55 UTC,411.0,0.0,10.69,0.01,41.0,17.82,68.0,31.3
08:05:24 23:03:05 UTC,418.0,0.0,11.52,0.01,33.0,19.2,68.0,31.3
08:05:24 23:03:16 UTC,417.0,0.0,16.5,0.01,29.0,27.5,68.0,31.3
08:05:24 23:03:27 UTC,400.0,0.0,16.5,0.01,0.0,27.5,68.0,31.3
08:05:24 23:03:37 UTC,400.0,0.0,11.52,0.01,0.0,19.2,67.0,31.3
08:05:24 23:03:48 UTC,400.0,0.0,9.86,0.01,0.0,16.43,67.0,31.3
08:05:24 23:03:58 UTC,400.0,0.0,9.86,0.01,0.0,16.43,67.0,31.3
08:05:24 23:04:09 UTC,400.0,0.0,9.86,0.01,0.0,16.43,68.0,31.3
08:05:24 23:04:19 UTC,400.0,0.0,11.52,0.01,0.0,19.2,68.0,31.3
08:05:24 23:04:30 UTC,400.0,0.0,10.69,0.01,0.0,17.82,68.0,31.2
08:05:24 23:04:40 UTC,400.0,0.0,9.86,0.01,0.0,16.43,68.0,31.2
08:05:24 23:04:51 UTC,400.0,0.0,9.86,0.01,0.0,16.43,68.0,31.2
08:05:24 23:05:01 UTC,400.0,0.0,14.84,0.01,0.0,24.74,68.0,31.2
08:05:24 23:05:12 UTC,400.0,0.0,19.82,0.01,0.0,33.04,68.0,31.2
08:05:24 23:05:23 UTC,400.0,0.0,9.86,0.01,0.0,16.43,68.0,31.2
08:05:24 23:05:33 UTC,400.0,0.0,9.86,0.01,0.0,16.43,68.0,31.2
08:05:24 23:05:44 UTC,400.0,0.0,9.86,0.01,0.0,16.43,68.0,31.2
08:05:24 23:05:54 UTC,400.0,0.0,9.86,0.01,0.0,16.43,68.0,31.2
08:05:24 23:06:05 UTC,400.0,0.0,9.86,0.01,0.0,16.43,68.0,31.2
08:05:24 23:06:15 UTC,400.0,0.0,9.86,0.01,0.0,16.43,68.0,31.2
08:05:24 23:06:26 UTC,403.0,0.0,9.86,0.01,0.0,16.43,68.0,31.2
08:05:24 23:06:36 UTC,400.0,0.0,9.86,0.01,0.0,16.43,68.0,31.2
08:05:24 23:06:47 UTC,400.0,0.0,9.86,0.01,0.0,16.43,68.0,31.2
08:05:24 23:06:58 UTC,400.0,0.0,9.86,0.01,0.0,16.43,68.0,31.2
08:05:24 23:07:08 UTC,410.0,0.0,11.52,0.01,0.0,19.2,68.0,31.2
08:05:24 23:07:19 UTC,402.0,0.0,9.86,0.01,0.0,16.43,68.0,31.2
08:05:24 23:07:29 UTC,400.0,0.0,10.69,0.01,0.0,17.82,68.0,31.2
08:05:24 23:07:40 UTC,400.0,0.0,10.69,0.01,0.0,17.82,68.0,31.2
08:05:24 23:07:50 UTC,400.0,0.0,10.69,0.01,0.0,17.82,68.0,31.2
08:05:24 23:08:01 UTC,416.0,0.0,9.03,0.01,0.0,15.05,68.0,31.2
08:05:24 23:08:11 UTC,400.0,0.0,16.5,0.01,27.0,27.5,68.0,31.2
08:05:24 23:08:22 UTC,408.0,0.0,9.86,0.01,6.0,16.43,68.0,31.2
08:05:24 23:08:32 UTC,407.0,0.0,12.35,0.01,0.0,20.59,68.0,31.2
08:05:24 23:08:43 UTC,400.0,0.0,9.86,0.01,0.0,16.43,68.0,31.2
08:05:24 23:08:54 UTC,400.0,0.0,10.69,0.01,0.0,17.82,68.0,31.2
08:05:24 23:09:04 UTC,400.0,0.0,9.86,0.01,0.0,16.43,68.0,31.2
08:05:24 23:09:15 UTC,400.0,0.0,9.86,0.01,0.0,16.43,68.0,31.2
08:05:24 23:09:25 UTC,400.0,0.0,9.86,0.01,0.0,16.43,68.0,31.2
08:05:24 23:09:36 UTC,400.0,0.0,9.86,0.01,0.0,16.43,68.0,31.1
08:05:24 23:09:46 UTC,400.0,0.0,9.03,0.01,0.0,15.05,68.0,31.1
08:05:24 23:09:57 UTC,400.0,0.0,14.84,0.01,0.0,24.74,68.0,31.1
08:05:24 23:10:07 UTC,400.0,0.0,9.86,0.01,0.0,16.43,68.0,31.1
08:05:24 23:10:18 UTC,400.0,0.0,9.86,0.01,0.0,16.43,68.0,31.1
08:05:24 23:10:28 UTC,400.0,0.0,12.35,0.01,0.0,20.59,68.0,31.1
08:05:24 23:10:39 UTC,400.0,0.0,9.86,0.01,0.0,16.43,68.0,31.1
08:05:24 23:10:50 UTC,400.0,0.0,11.52,0.01,0.0,19.2,68.0,31.1
08:05:24 23:11:00 UTC,400.0,0.0,9.03,0.01,0.0,15.05,68.0,31.1
08:05:24 23:11:11 UTC,400.0,0.0,9.86,0.01,0.0,16.43,68.0,31.1
08:05:24 23:11:21 UTC,400.0,0.0,9.86,0.01,0.0,16.43,68.0,31.1
08:05:24 23:11:32 UTC,400.0,0.0,9.86,0.01,0.0,16.43,68.0,31.1
08:05:24 23:11:42 UTC,400.0,0.0,28.12,0.01,0.0,46.87,68.0,31.1
08:05:24 23:11:53 UTC,400.0,0.0,11.52,0.01,0.0,19.2,68.0,31.1
08:05:24 23:12:03 UTC,400.0,0.0,9.86,0.01,0.0,16.43,68.0,31.1
08:05:24 23:12:14 UTC,400.0,0.0,12.35,0.01,0.0,20.59,68.0,31.0
08:05:24 23:12:25 UTC,400.0,0.0,13.18,0.01,0.0,21.97,68.0,31.0
08:05:24 23:12:35 UTC,400.0,0.0,10.69,0.01,0.0,17.82,68.0,31.0
08:05:24 23:12:46 UTC,400.0,0.0,9.86,0.01,0.0,16.43,68.0,31.0
08:05:24 23:12:56 UTC,400.0,0.0,9.86,0.01,0.0,16.43,69.0,31.0
08:05:24 23:13:07 UTC,400.0,0.0,10.69,0.01,0.0,17.82,69.0,31.0
08:05:24 23:13:17 UTC,400.0,0.0,18.16,0.01,0.0,30.27,69.0,31.0
08:05:24 23:13:28 UTC,400.0,0.0,11.52,0.01,0.0,19.2,69.0,31.0
08:05:24 23:13:38 UTC,400.0,0.0,10.69,0.01,0.0,17.82,69.0,31.0
08:05:24 23:13:49 UTC,418.0,0.0,10.69,0.01,0.0,17.82,69.0,31.0
08:05:24 23:13:59 UTC,400.0,0.0,11.52,0.01,0.0,19.2,69.0,31.0
08:05:24 23:14:10 UTC,400.0,0.0,9.86,0.01,0.0,16.43,69.0,31.0
08:05:24 23:14:21 UTC,400.0,0.0,9.86,0.01,0.0,16.43,69.0,31.0
08:05:24 23:14:31 UTC,400.0,0.0,10.69,0.01,0.0,17.82,69.0,31.0
08:05:24 23:14:42 UTC,400.0,0.0,9.86,0.01,0.0,16.43,69.0,31.0
08:05:24 23:14:52 UTC,400.0,0.0,9.86,0.01,0.0,16.43,69.0,31.0
08:05:24 23:15:03 UTC,400.0,0.0,10.69,0.01,0.0,17.82,69.0,31.0
08:05:24 23:15:13 UTC,400.0,0.0,9.86,0.01,0.0,16.43,69.0,31.0
08:05:24 23:15:24 UTC,400.0,0.0,9.86,0.01,0.0,16.43,69.0,31.0
08:05:24 23:15:34 UTC,400.0,0.0,9.86,0.01,0.0,16.43,69.0,31.0
08:05:24 23:15:45 UTC,400.0,0.0,12.35,0.01,0.0,20.59,69.0,31.0
08:05:24 23:15:55 UTC,400.0,0.0,9.86,0.01,0.0,16.43,69.0,31.0
08:05:24 23:16:06 UTC,400.0,0.0,9.86,0.01,0.0,16.43,69.0,31.0
08:05:24 23:16:17 UTC,400.0,0.0,10.69,0.01,0.0,17.82,69.0,31.0
08:05:24 23:16:27 UTC,400.0,0.0,10.69,0.01,0.0,17.82,69.0,31.0
08:05:24 23:16:38 UTC,400.0,0.0,9.86,0.01,0.0,16.43,69.0,31.0
08:05:24 23:16:48 UTC,400.0,0.0,9.86,0.01,0.0,16.43,69.0,31.0
08:05:24 23:16:59 UTC,400.0,0.0,9.03,0.01,0.0,15.05,69.0,31.0
08:05:24 23:17:09 UTC,400.0,0.0,9.86,0.01,0.0,16.43,69.0,31.0
08:05:24 23:17:20 UTC,407.0,0.0,12.35,0.01,0.0,20.59,69.0,31.0
08:05:24 23:17:30 UTC,408.0,0.0,11.52,0.01,0.0,19.2,69.0,31.0
08:05:24 23:17:41 UTC,400.0,0.0,9.86,0.01,0.0,16.43,69.0,31.0
08:05:24 23:17:52 UTC,400.0,0.0,9.03,0.01,0.0,15.05,69.0,31.0
08:05:24 23:18:02 UTC,400.0,0.0,9.86,0.01,0.0,16.43,69.0,31.0
08:05:24 23:18:13 UTC,400.0,0.0,9.03,0.01,0.0,15.05,69.0,31.0
08:05:24 23:18:23 UTC,400.0,0.0,12.35,0.01,0.0,20.59,69.0,31.0
08:05:24 23:18:34 UTC,400.0,0.0,11.52,0.01,0.0,19.2,69.0,31.0
08:05:24 23:18:44 UTC,400.0,0.0,9.86,0.01,0.0,16.43,69.0,31.0
08:05:24 23:18:55 UTC,400.0,0.0,9.86,0.01,0.0,16.43,69.0,31.0
08:05:24 23:19:05 UTC,400.0,0.0,9.86,0.01,0.0,16.43,69.0,31.0
08:05:24 23:19:16 UTC,400.0,0.0,13.18,0.01,0.0,21.97,69.0,31.0
08:05:24 23:19:26 UTC,400.0,0.0,9.86,0.01,0.0,16.43,69.0,31.0
08:05:24 23:19:37 UTC,413.0,0.0,9.86,0.01,0.0,16.43,69.0,31.0
08:05:24 23:19:48 UTC,409.0,0.0,10.69,0.01,4.0,17.82,69.0,31.0
08:05:24 23:19:58 UTC,400.0,0.0,9.03,0.01,3.0,15.05,69.0,31.0
08:05:24 23:20:09 UTC,400.0,0.0,9.86,0.01,0.0,16.43,69.0,31.0
08:05:24 23:20:19 UTC,400.0,0.0,9.86,0.01,0.0,16.43,69.0,31.0
08:05:24 23:20:30 UTC,400.0,0.0,9.86,0.01,0.0,16.43,69.0,31.0
08:05:24 23:20:40 UTC,400.0,0.0,10.69,0.01,0.0,17.82,69.0,31.0
08:05:24 23:20:51 UTC,400.0,0.0,10.69,0.01,0.0,17.82,69.0,31.0
08:05:24 23:21:01 UTC,400.0,0.0,9.86,0.01,0.0,16.43,69.0,31.0
08:05:24 23:21:12 UTC,400.0,0.0,18.16,0.01,0.0,30.27,69.0,30.9
08:05:24 23:21:22 UTC,400.0,0.0,9.86,0.01,0.0,16.43,69.0,30.9
08:05:24 23:21:33 UTC,400.0,0.0,9.86,0.01,0.0,16.43,69.0,30.9
08:05:24 23:21:44 UTC,400.0,0.0,12.35,0.01,0.0,20.59,69.0,30.9
08:05:24 23:21:54 UTC,400.0,0.0,12.35,0.01,0.0,20.59,69.0,30.9
08:05:24 23:22:05 UTC,403.0,0.0,9.86,0.01,0.0,16.43,69.0,30.9
08:05:24 23:22:15 UTC,413.0,0.0,11.52,0.01,4.0,19.2,69.0,30.9
08:05:24 23:22:26 UTC,400.0,0.0,9.86,0.01,0.0,16.43,69.0,30.9
08:05:24 23:22:36 UTC,400.0,0.0,9.86,0.01,0.0,16.43,69.0,30.9
08:05:24 23:22:47 UTC,400.0,0.0,10.69,0.01,0.0,17.82,69.0,30.9
08:05:24 23:22:57 UTC,400.0,0.0,10.69,0.01,0.0,17.82,69.0,30.9
08:05:24 23:23:08 UTC,400.0,0.0,9.86,0.01,0.0,16.43,69.0,30.9
08:05:24 23:23:19 UTC,400.0,0.0,11.52,0.01,0.0,19.2,69.0,30.9
08:05:24 23:23:29 UTC,400.0,0.0,9.86,0.01,0.0,16.43,69.0,30.9
08:05:24 23:23:40 UTC,400.0,0.0,9.86,0.01,0.0,16.43,69.0,30.9
08:05:24 23:23:50 UTC,400.0,0.0,12.35,0.01,0.0,20.59,69.0,30.9
08:05:24 23:24:01 UTC,400.0,0.0,10.69,0.01,0.0,17.82,69.0,30.9
08:05:24 23:24:11 UTC,400.0,0.0,9.03,0.01,0.0,15.05,69.0,30.9
08:05:24 23:24:22 UTC,400.0,0.0,10.69,0.01,0.0,17.82,69.0,30.9
08:05:24 23:24:32 UTC,400.0,0.0,9.86,0.01,0.0,16.43,69.0,30.9
08:05:24 23:24:43 UTC,414.0,0.0,9.86,0.01,0.0,16.43,69.0,30.9
08:05:24 23:24:53 UTC,400.0,0.0,10.69,0.01,3.0,17.82,69.0,31.0
08:05:24 23:25:04 UTC,400.0,0.0,12.35,0.01,11.0,20.59,69.0,31.0
08:05:24 23:25:15 UTC,400.0,0.0,9.86,0.01,0.0,16.43,69.0,31.0
08:05:24 23:25:25 UTC,400.0,0.0,15.67,0.01,0.0,26.12,69.0,31.0
08:05:24 23:25:36 UTC,400.0,0.0,9.86,0.01,0.0,16.43,69.0,31.0
08:05:24 23:25:46 UTC,400.0,0.0,9.86,0.01,0.0,16.43,69.0,31.0
08:05:24 23:25:57 UTC,400.0,0.0,11.52,0.01,0.0,19.2,69.0,31.0
08:05:24 23:26:07 UTC,400.0,0.0,9.86,0.01,0.0,16.43,69.0,31.0
08:05:24 23:26:18 UTC,400.0,0.0,10.69,0.01,0.0,17.82,69.0,31.0
08:05:24 23:26:28 UTC,400.0,0.0,13.18,0.01,0.0,21.97,69.0,30.9
08:05:24 23:26:39 UTC,400.0,0.0,9.86,0.01,0.0,16.43,69.0,30.9
08:05:24 23:26:49 UTC,400.0,0.0,9.86,0.01,0.0,16.43,69.0,30.9
08:05:24 23:27:00 UTC,400.0,0.0,9.86,0.01,0.0,16.43,69.0,30.9
08:05:24 23:27:11 UTC,400.0,0.0,9.86,0.01,0.0,16.43,69.0,30.9
08:05:24 23:27:21 UTC,409.0,0.0,9.86,0.01,0.0,16.43,69.0,30.9
08:05:24 23:27:32 UTC,400.0,0.0,12.35,0.01,2.0,20.59,69.0,30.9
08:05:24 23:27:42 UTC,400.0,0.0,9.86,0.01,0.0,16.43,69.0,30.9
08:05:24 23:27:53 UTC,400.0,0.0,9.86,0.01,0.0,16.43,69.0,31.0
08:05:24 23:28:03 UTC,402.0,0.0,10.69,0.01,0.0,17.82,69.0,31.0
08:05:24 23:28:14 UTC,400.0,0.0,10.69,0.01,0.0,17.82,69.0,31.0
08:05:24 23:28:24 UTC,400.0,0.0,9.86,0.01,0.0,16.43,69.0,31.1
08:05:24 23:28:35 UTC,400.0,0.0,10.69,0.01,0.0,17.82,69.0,31.1
08:05:24 23:28:46 UTC,400.0,0.0,11.52,0.01,0.0,19.2,69.0,31.1
08:05:24 23:28:56 UTC,407.0,0.0,9.86,0.01,1.0,16.43,69.0,31.1
08:05:24 23:30:13 UTC,400.0,0.0,10.69,0.0,0.0,17.82,69.0,31.0
08:05:24 23:30:24 UTC,400.0,0.0,9.86,0.0,0.0,16.43,69.0,31.0
08:05:24 23:30:34 UTC,400.0,0.0,9.86,0.0,0.0,16.43,69.0,31.0
08:05:24 23:30:45 UTC,427.0,0.0,10.69,0.0,13.0,17.82,69.0,31.0
08:05:24 23:30:55 UTC,424.0,0.0,9.86,0.0,16.0,16.43,69.0,31.0
08:05:24 23:31:06 UTC,433.0,0.0,9.86,0.0,38.0,16.43,69.0,31.0
08:05:24 23:31:16 UTC,437.0,0.0,13.18,0.0,59.0,21.97,69.0,31.0
08:05:24 23:31:27 UTC,425.0,0.0,11.52,0.01,60.0,19.2,69.0,31.0
08:05:24 23:31:38 UTC,411.0,0.0,9.86,0.01,25.0,16.43,69.0,31.0
08:05:24 23:31:48 UTC,405.0,0.0,10.69,0.01,6.0,17.82,69.0,31.0
08:05:24 23:31:59 UTC,412.0,0.0,9.86,0.01,2.0,16.43,69.0,31.0
08:05:24 23:32:09 UTC,401.0,0.0,20.65,0.01,21.0,34.42,69.0,31.0
08:05:24 23:32:20 UTC,435.0,0.0,10.69,0.01,37.0,17.82,69.0,31.0
08:05:24 23:32:30 UTC,410.0,0.0,9.86,0.01,3.0,16.43,69.0,31.0
08:05:24 23:32:41 UTC,413.0,0.0,10.69,0.01,0.0,17.82,69.0,31.0
08:05:24 23:32:51 UTC,400.0,0.0,9.86,0.01,0.0,16.43,69.0,31.0
08:05:24 23:33:02 UTC,401.0,0.0,9.86,0.01,0.0,16.43,69.0,31.0
08:05:24 23:33:13 UTC,405.0,0.0,9.86,0.01,0.0,16.43,69.0,31.0
08:05:24 23:33:23 UTC,421.0,0.0,10.69,0.01,0.0,17.82,69.0,31.0
08:05:24 23:33:34 UTC,414.0,0.0,9.86,0.01,0.0,16.43,69.0,31.0
08:05:24 23:33:44 UTC,430.0,0.0,10.69,0.01,49.0,17.82,69.0,31.0
08:05:24 23:33:55 UTC,400.0,0.0,9.86,0.01,0.0,16.43,69.0,31.0
08:05:24 23:34:05 UTC,400.0,0.0,10.69,0.01,0.0,17.82,69.0,31.0
08:05:24 23:34:16 UTC,432.0,0.0,9.86,0.01,4.0,16.43,69.0,31.0
08:05:24 23:34:26 UTC,437.0,0.0,13.18,0.01,17.0,21.97,69.0,30.9
08:05:24 23:34:37 UTC,453.0,0.0,10.69,0.01,64.0,17.82,69.0,30.9
08:05:24 23:34:47 UTC,415.0,0.0,10.69,0.01,66.0,17.82,69.0,30.9
08:05:24 23:34:58 UTC,431.0,0.0,10.69,0.01,41.0,17.82,69.0,30.9
08:05:24 23:35:09 UTC,417.0,0.0,9.86,0.01,32.0,16.43,69.0,30.9
08:05:24 23:35:19 UTC,405.0,0.0,9.86,0.01,0.0,16.43,69.0,30.9
08:05:24 23:35:30 UTC,400.0,0.0,10.69,0.01,0.0,17.82,69.0,30.9
08:05:24 23:35:40 UTC,400.0,0.0,10.69,0.01,0.0,17.82,69.0,30.9
08:05:24 23:35:51 UTC,449.0,0.0,10.69,0.01,0.0,17.82,69.0,30.9
08:05:24 23:36:01 UTC,438.0,0.0,9.86,0.01,9.0,16.43,69.0,30.9
08:05:24 23:36:12 UTC,434.0,0.0,9.86,0.01,38.0,16.43,69.0,30.9
08:05:24 23:36:22 UTC,416.0,0.0,9.86,0.01,13.0,16.43,69.0,30.9
08:05:24 23:36:33 UTC,428.0,0.0,23.14,0.01,14.0,38.57,69.0,30.9
08:05:24 23:36:43 UTC,451.0,0.0,9.86,0.01,35.0,16.43,69.0,30.9
08:05:24 23:36:54 UTC,454.0,0.0,20.65,0.01,61.0,34.42,69.0,30.9
08:05:24 23:37:05 UTC,453.0,0.0,20.65,0.01,71.0,34.42,69.0,30.9
08:05:24 23:37:15 UTC,401.0,0.0,11.52,0.01,7.0,19.2,69.0,30.9
08:05:24 23:37:26 UTC,412.0,0.0,12.35,0.01,0.0,20.59,69.0,30.9
08:05:24 23:37:36 UTC,430.0,0.0,9.86,0.01,8.0,16.43,69.0,30.9
08:05:24 23:37:47 UTC,408.0,0.0,9.86,0.01,0.0,16.43,69.0,30.9
08:05:24 23:37:57 UTC,411.0,0.0,9.86,0.01,0.0,16.43,69.0,30.9
08:05:24 23:38:08 UTC,422.0,0.0,9.86,0.01,0.0,16.43,69.0,30.9
08:05:24 23:38:18 UTC,416.0,0.0,10.69,0.01,0.0,17.82,69.0,30.9
08:05:24 23:38:29 UTC,413.0,0.0,11.52,0.01,22.0,19.2,69.0,30.9
08:05:24 23:38:40 UTC,423.0,0.0,9.86,0.01,34.0,16.43,69.0,30.9
08:05:24 23:38:50 UTC,431.0,0.0,9.86,0.01,25.0,16.43,69.0,30.9
08:05:24 23:39:01 UTC,435.0,0.0,10.69,0.01,46.0,17.82,69.0,30.9
08:05:24 23:39:11 UTC,503.0,0.0,9.86,0.01,83.0,16.43,69.0,30.9
08:05:24 23:39:22 UTC,540.0,0.0,9.86,0.01,132.0,16.43,69.0,30.9
08:05:24 23:39:32 UTC,508.0,0.0,10.69,0.01,136.0,17.82,69.0,30.9
08:05:24 23:39:43 UTC,480.0,0.0,9.86,0.01,104.0,16.43,69.0,30.9
08:05:24 23:39:53 UTC,479.0,0.0,10.69,0.01,61.0,17.82,69.0,31.0
08:05:24 23:40:04 UTC,477.0,0.0,9.86,0.01,60.0,16.43,69.0,31.0
08:05:24 23:40:14 UTC,500.0,0.0,9.86,0.01,90.0,16.43,69.0,31.0
08:05:24 23:40:25 UTC,489.0,0.0,9.86,0.01,100.0,16.43,69.0,31.0
08:05:24 23:40:36 UTC,464.0,0.0,9.86,0.01,49.0,16.43,69.0,31.0
08:05:24 23:40:46 UTC,486.0,0.0,9.86,0.01,54.0,16.43,69.0,31.0
08:05:24 23:40:57 UTC,484.0,0.0,14.84,0.02,77.0,24.74,69.0,31.0
08:05:24 23:41:07 UTC,511.0,0.0,9.86,0.02,117.0,16.43,69.0,31.0
08:05:24 23:41:18 UTC,462.0,0.0,9.86,0.01,90.0,16.43,69.0,31.0
08:05:24 23:41:28 UTC,465.0,0.0,12.35,0.01,58.0,20.59,69.0,31.0
08:05:24 23:41:39 UTC,447.0,0.0,13.18,0.01,19.0,21.97,69.0,31.1
08:05:24 23:41:49 UTC,459.0,0.0,10.69,0.01,28.0,17.82,69.0,31.1
08:05:24 23:42:00 UTC,457.0,0.0,10.69,0.01,4.0,17.82,69.0,31.1
08:05:24 23:42:11 UTC,458.0,0.0,9.86,0.01,25.0,16.43,69.0,31.1
08:05:24 23:42:21 UTC,471.0,0.0,9.86,0.02,56.0,16.43,69.0,31.1
08:05:24 23:42:32 UTC,449.0,0.0,10.69,0.01,11.0,17.82,68.0,31.1
08:05:24 23:42:42 UTC,441.0,0.0,10.69,0.02,6.0,17.82,68.0,31.1
08:05:24 23:42:53 UTC,456.0,0.0,14.84,0.02,9.0,24.74,68.0,31.1
08:05:24 23:43:03 UTC,456.0,0.0,15.67,0.02,27.0,26.12,68.0,31.2
08:05:24 23:43:14 UTC,458.0,0.0,10.69,0.02,28.0,17.82,68.0,31.2
08:05:24 23:43:24 UTC,453.0,0.0,9.86,0.01,57.0,16.43,68.0,31.2
08:05:24 23:43:35 UTC,452.0,0.0,10.69,0.02,41.0,17.82,68.0,31.2
08:05:24 23:43:45 UTC,471.0,0.0,24.8,0.02,55.0,41.34,68.0,31.2
08:05:24 23:43:56 UTC,481.0,0.0,9.03,0.02,83.0,15.05,68.0,31.2
08:05:24 23:44:07 UTC,472.0,0.0,9.86,0.01,84.0,16.43,68.0,31.2
08:05:24 23:44:17 UTC,490.0,0.0,9.86,0.02,108.0,16.43,68.0,31.2
08:05:24 23:44:28 UTC,496.0,0.0,9.86,0.02,137.0,16.43,68.0,31.2
08:05:24 23:44:38 UTC,488.0,0.0,10.69,0.02,128.0,17.82,68.0,31.2
08:05:24 23:44:49 UTC,466.0,0.0,9.86,0.02,92.0,16.43,68.0,31.2
08:05:24 23:44:59 UTC,462.0,0.0,9.86,0.02,76.0,16.43,68.0,31.2
08:05:24 23:45:10 UTC,480.0,0.0,9.86,0.01,74.0,16.43,68.0,31.2
08:05:24 23:45:20 UTC,489.0,0.0,9.86,0.02,89.0,16.43,68.0,31.3
08:05:24 23:45:31 UTC,464.0,0.0,9.86,0.01,77.0,16.43,68.0,31.3
08:05:24 23:45:42 UTC,492.0,0.0,9.86,0.02,99.0,16.43,68.0,31.3
08:05:24 23:45:52 UTC,512.0,0.0,9.86,0.02,144.0,16.43,68.0,31.3
08:05:24 23:46:03 UTC,439.0,0.0,9.86,0.01,120.0,16.43,68.0,31.3
08:05:24 23:46:13 UTC,451.0,0.0,9.86,0.01,78.0,16.43,68.0,31.3
08:05:24 23:46:24 UTC,458.0,0.0,12.35,0.01,71.0,20.59,68.0,31.3
08:05:24 23:46:34 UTC,453.0,0.0,13.18,0.01,63.0,21.97,68.0,31.3
08:05:24 23:46:45 UTC,463.0,0.0,9.86,0.02,86.0,16.43,68.0,31.3
08:05:24 23:46:55 UTC,691.0,0.0,12.35,0.02,180.0,20.59,68.0,31.3
08:05:24 23:47:06 UTC,551.0,0.0,9.86,0.02,146.0,16.43,68.0,31.3
08:05:24 23:47:16 UTC,550.0,0.0,9.86,0.02,112.0,16.43,68.0,31.3
08:05:24 23:47:27 UTC,545.0,0.0,9.86,0.02,102.0,16.43,68.0,31.3
08:05:24 23:47:38 UTC,539.0,0.0,13.18,0.02,109.0,21.97,68.0,31.3
08:05:24 23:47:48 UTC,504.0,0.0,9.86,0.02,68.0,16.43,68.0,31.3
08:05:24 23:47:59 UTC,500.0,0.0,20.65,0.02,32.0,34.42,68.0,31.3
08:05:24 23:48:09 UTC,533.0,0.0,10.69,0.02,41.0,17.82,68.0,31.3
08:05:24 23:48:20 UTC,529.0,0.0,10.69,0.02,84.0,17.82,68.0,31.3
08:05:24 23:48:30 UTC,518.0,0.0,9.86,0.02,103.0,16.43,68.0,31.3
08:05:24 23:48:41 UTC,531.0,0.0,11.52,0.02,65.0,19.2,68.0,31.3
08:05:24 23:48:51 UTC,530.0,0.0,9.86,0.02,69.0,16.43,68.0,31.3
08:05:24 23:49:02 UTC,533.0,0.0,9.86,0.02,84.0,16.43,68.0,31.3
08:05:24 23:49:13 UTC,518.0,0.0,9.86,0.02,83.0,16.43,68.0,31.3
08:05:24 23:49:23 UTC,539.0,0.0,9.86,0.02,103.0,16.43,68.0,31.3
08:05:24 23:49:34 UTC,526.0,0.0,9.86,0.02,96.0,16.43,68.0,31.3
08:05:24 23:49:44 UTC,510.0,0.0,9.86,0.02,78.0,16.43,68.0,31.3
08:05:24 23:49:55 UTC,518.0,0.0,9.86,0.02,54.0,16.43,68.0,31.3
08:05:24 23:50:05 UTC,514.0,0.0,9.86,0.02,69.0,16.43,68.0,31.3
08:05:24 23:50:16 UTC,511.0,0.0,9.86,0.02,64.0,16.43,68.0,31.3
08:05:24 23:50:26 UTC,580.0,0.0,11.52,0.02,100.0,19.2,68.0,31.3
08:05:24 23:50:37 UTC,522.0,0.0,11.52,0.02,69.0,19.2,68.0,31.3
08:05:24 23:50:47 UTC,520.0,0.0,25.63,0.02,48.0,42.72,68.0,31.3
08:05:24 23:50:58 UTC,499.0,0.0,9.86,0.02,12.0,16.43,68.0,31.3
08:05:24 23:51:09 UTC,506.0,0.0,9.86,0.02,15.0,16.43,68.0,31.3
08:05:24 23:51:19 UTC,516.0,0.0,9.86,0.02,22.0,16.43,68.0,31.2
08:05:24 23:51:30 UTC,536.0,0.0,9.86,0.02,69.0,16.43,68.0,31.2
08:05:24 23:51:40 UTC,518.0,0.0,11.52,0.02,105.0,19.2,68.0,31.2
08:05:24 23:51:51 UTC,523.0,0.0,9.86,0.02,93.0,16.43,68.0,31.2
08:05:24 23:52:01 UTC,512.0,0.0,11.52,0.02,89.0,19.2,68.0,31.2
08:05:24 23:52:12 UTC,531.0,0.0,10.69,0.02,104.0,17.82,68.0,31.2
08:05:24 23:52:22 UTC,514.0,0.0,9.86,0.02,99.0,16.43,68.0,31.2
08:05:24 23:52:33 UTC,502.0,0.0,10.69,0.02,68.0,17.82,68.0,31.2
08:05:24 23:52:43 UTC,479.0,0.0,9.86,0.02,54.0,16.43,68.0,31.2
08:05:24 23:52:54 UTC,514.0,0.0,11.52,0.02,38.0,19.2,68.0,31.2
08:05:24 23:53:05 UTC,518.0,0.0,10.69,0.02,67.0,17.82,68.0,31.2
08:05:24 23:53:15 UTC,483.0,0.0,9.86,0.02,50.0,16.43,68.0,31.2
08:05:24 23:53:26 UTC,489.0,0.0,9.86,0.02,53.0,16.43,68.0,31.2
08:05:24 23:53:36 UTC,495.0,0.0,9.86,0.02,36.0,16.43,68.0,31.2
08:05:24 23:53:47 UTC,500.0,0.0,10.69,0.02,65.0,17.82,68.0,31.2
08:05:24 23:53:57 UTC,525.0,0.0,10.69,0.02,89.0,17.82,68.0,31.2
08:05:24 23:54:08 UTC,541.0,0.0,10.69,0.02,126.0,17.82,68.0,31.2
08:05:24 23:54:18 UTC,564.0,0.0,9.86,0.02,191.0,16.43,68.0,31.2
08:05:24 23:54:29 UTC,580.0,0.0,10.69,0.02,252.0,17.82,68.0,31.2
08:05:24 23:54:40 UTC,573.0,0.0,12.35,0.03,283.0,20.59,68.0,31.2
08:05:24 23:54:50 UTC,597.0,0.0,11.52,0.03,327.0,19.2,68.0,31.3
08:05:24 23:55:01 UTC,594.0,0.0,12.35,0.03,347.0,20.59,68.0,31.3
08:05:24 23:55:11 UTC,619.0,0.0,14.01,0.02,409.0,23.35,68.0,31.3
08:05:24 23:55:22 UTC,599.0,0.0,10.69,0.02,429.0,17.82,68.0,31.3
08:05:24 23:55:32 UTC,599.0,0.0,14.01,0.02,403.0,23.35,68.0,31.4
08:05:24 23:55:43 UTC,599.0,0.0,10.69,0.02,377.0,17.82,68.0,31.4
08:05:24 23:55:53 UTC,532.0,0.0,21.48,0.01,255.0,35.8,68.0,31.4
08:05:24 23:56:04 UTC,540.0,0.0,13.18,0.01,204.0,21.97,68.0,31.5
08:05:24 23:56:14 UTC,523.0,0.0,10.69,0.01,171.0,17.82,68.0,31.5
08:05:24 23:56:25 UTC,507.0,0.0,10.69,0.03,164.0,17.82,68.0,31.5
08:05:24 23:56:36 UTC,489.0,0.0,11.52,0.04,98.0,19.2,68.0,31.5
08:05:24 23:56:46 UTC,521.0,0.0,9.86,0.04,98.0,16.43,68.0,31.5
08:05:24 23:56:57 UTC,544.0,0.0,10.69,0.03,143.0,17.82,68.0,31.5
08:05:24 23:57:07 UTC,519.0,0.0,11.52,0.03,161.0,19.2,68.0,31.4
08:05:24 23:57:18 UTC,516.0,0.0,9.86,0.02,143.0,16.43,68.0,31.4
08:05:24 23:57:28 UTC,515.0,0.0,9.86,0.02,124.0,16.43,68.0,31.4
08:05:24 23:57:39 UTC,520.0,0.0,9.03,0.02,142.0,15.05,68.0,31.4
08:05:24 23:57:49 UTC,535.0,0.0,9.86,0.02,163.0,16.43,68.0,31.3
08:05:24 23:58:00 UTC,501.0,0.0,11.52,0.02,129.0,19.2,68.0,31.3
08:05:24 23:58:11 UTC,523.0,0.0,9.03,0.02,157.0,15.05,68.0,31.3
08:05:24 23:58:21 UTC,520.0,0.0,9.86,0.02,167.0,16.43,68.0,31.3
08:05:24 23:58:32 UTC,499.0,0.0,9.86,0.01,145.0,16.43,68.0,31.3
08:05:24 23:58:42 UTC,463.0,0.0,10.69,0.01,81.0,17.82,68.0,31.3
08:05:24 23:58:53 UTC,475.0,0.0,9.03,0.01,88.0,15.05,68.0,31.3
08:05:24 23:59:03 UTC,467.0,0.0,10.69,0.01,61.0,17.82,68.0,31.3
08:05:24 23:59:14 UTC,466.0,0.0,9.86,0.01,39.0,16.43,68.0,31.2
08:05:24 23:59:24 UTC,449.0,0.0,12.35,0.01,16.0,20.59,68.0,31.2
08:05:24 23:59:35 UTC,496.0,0.0,12.35,0.01,68.0,20.59,68.0,31.2
08:05:24 23:59:45 UTC,493.0,0.0,9.86,0.01,87.0,16.43,68.0,31.2
09:05:24 00:02:14 UTC,400.0,0.01,8.2,0.27,0.0,13.67,69.0,31.3
09:05:24 00:02:25 UTC,400.0,0.0,9.03,0.17,0.0,15.05,69.0,31.3
09:05:24 00:02:35 UTC,400.0,0.0,13.18,0.1,0.0,21.97,69.0,31.3
09:05:24 00:02:46 UTC,439.0,0.0,8.2,0.07,26.0,13.67,69.0,31.3
09:05:24 00:02:56 UTC,463.0,0.0,7.37,0.05,75.0,12.28,69.0,31.3
09:05:24 00:03:07 UTC,472.0,0.0,8.2,0.04,113.0,13.67,69.0,31.3
09:05:24 00:03:17 UTC,486.0,0.0,7.37,0.03,165.0,12.28,69.0,31.3
09:05:24 00:03:28 UTC,487.0,0.0,11.52,0.03,180.0,19.2,69.0,31.3
09:05:24 00:03:38 UTC,462.0,0.0,7.37,0.02,174.0,12.28,68.0,31.4
09:05:24 00:03:49 UTC,475.0,0.0,7.37,0.02,163.0,12.28,68.0,31.4
09:05:24 00:04:00 UTC,468.0,0.0,7.37,0.02,157.0,12.28,68.0,31.4
09:05:24 00:04:10 UTC,545.0,0.0,9.03,0.01,215.0,15.05,68.0,31.5
09:05:24 00:04:21 UTC,572.0,0.0,7.37,0.01,294.0,12.28,68.0,31.5
09:05:24 00:04:31 UTC,555.0,0.0,9.03,0.01,370.0,15.05,68.0,31.5
09:05:24 00:04:42 UTC,531.0,0.0,8.2,0.01,380.0,13.67,68.0,31.5
09:05:24 00:04:52 UTC,588.0,0.0,7.37,0.01,382.0,12.28,68.0,31.5
09:05:24 00:05:03 UTC,564.0,0.0,7.37,0.01,340.0,12.28,68.0,31.6
09:05:24 00:05:13 UTC,533.0,0.0,9.03,0.01,295.0,15.05,67.0,31.6
09:05:24 00:05:24 UTC,588.0,0.0,7.37,0.01,345.0,12.28,67.0,31.6
09:05:24 00:05:34 UTC,595.0,0.0,7.37,0.01,436.0,12.28,67.0,31.7
09:05:24 00:05:45 UTC,549.0,0.0,7.37,0.01,360.0,12.28,67.0,31.7
09:05:24 00:05:56 UTC,520.0,0.0,7.37,0.01,254.0,12.28,67.0,31.7
09:05:24 00:06:06 UTC,531.0,0.0,7.37,0.01,245.0,12.28,67.0,31.7
09:05:24 00:06:17 UTC,530.0,0.0,8.2,0.01,250.0,13.67,67.0,31.7
09:05:24 00:06:27 UTC,521.0,0.0,7.37,0.0,249.0,12.28,67.0,31.7
09:05:24 00:06:38 UTC,589.0,0.0,8.2,0.0,343.0,13.67,67.0,31.7
09:05:24 00:06:48 UTC,542.0,0.0,7.37,0.0,329.0,12.28,67.0,31.7
09:05:24 00:06:59 UTC,522.0,0.0,7.37,0.0,251.0,12.28,67.0,31.7
09:05:24 00:07:09 UTC,556.0,0.0,7.37,0.0,245.0,12.28,67.0,31.7
09:05:24 00:07:20 UTC,533.0,0.0,10.69,0.0,250.0,17.82,67.0,31.7
09:05:24 00:07:31 UTC,552.0,0.0,7.37,0.0,301.0,12.28,67.0,31.7
09:05:24 00:07:41 UTC,508.0,0.0,7.37,0.0,225.0,12.28,67.0,31.7
09:05:24 00:07:52 UTC,488.0,0.0,7.37,0.0,198.0,12.28,67.0,31.7
09:05:24 00:08:02 UTC,531.0,0.0,14.84,0.0,208.0,24.74,67.0,31.7
09:05:24 00:08:13 UTC,554.0,0.0,9.03,0.0,249.0,15.05,67.0,31.7
09:05:24 00:08:23 UTC,578.0,0.0,7.37,0.0,322.0,12.28,67.0,31.7
09:05:24 00:08:34 UTC,572.0,0.0,9.03,0.0,377.0,15.05,67.0,31.7
09:05:24 00:08:44 UTC,610.0,0.0,7.37,0.0,439.0,12.28,67.0,31.7
09:05:24 00:08:55 UTC,599.0,0.0,8.2,0.0,389.0,13.67,67.0,31.7
09:05:24 00:09:05 UTC,564.0,0.0,7.37,0.0,340.0,12.28,67.0,31.7
09:05:24 00:09:16 UTC,541.0,0.0,7.37,0.0,253.0,12.28,67.0,31.8
09:05:24 00:09:27 UTC,553.0,0.0,7.37,0.0,271.0,12.28,67.0,31.8
09:05:24 00:09:37 UTC,558.0,0.0,7.37,0.0,276.0,12.28,67.0,31.8
09:05:24 00:09:48 UTC,558.0,0.0,7.37,0.0,320.0,12.28,66.0,31.8
09:05:24 00:09:58 UTC,558.0,0.0,7.37,0.0,293.0,12.28,66.0,31.8
09:05:24 00:10:09 UTC,574.0,0.0,7.37,0.0,324.0,12.28,66.0,31.8
09:05:24 00:10:19 UTC,587.0,0.0,8.2,0.0,344.0,13.67,66.0,31.8
09:05:24 00:10:30 UTC,562.0,0.0,8.2,0.0,332.0,13.67,66.0,31.8
09:05:24 00:10:40 UTC,585.0,0.0,7.37,0.0,298.0,12.28,66.0,31.8
09:05:24 00:10:51 UTC,559.0,0.0,8.2,0.0,289.0,13.67,66.0,31.8
09:05:24 00:11:01 UTC,596.0,0.0,7.37,0.0,321.0,12.28,66.0,31.8
09:05:24 00:11:12 UTC,553.0,0.0,7.37,0.0,294.0,12.28,66.0,31.8
09:05:24 00:11:23 UTC,570.0,0.0,7.37,0.0,281.0,12.28,66.0,31.8
09:05:24 00:11:33 UTC,587.0,0.0,7.37,0.0,315.0,12.28,66.0,31.8
09:05:24 00:11:44 UTC,592.0,0.0,9.03,0.0,329.0,15.05,67.0,31.7
09:05:24 00:11:54 UTC,598.0,0.0,8.2,0.0,381.0,13.67,67.0,31.7
09:05:24 00:12:05 UTC,543.0,0.0,9.03,0.0,294.0,15.05,67.0,31.7
09:05:24 00:12:15 UTC,524.0,0.0,8.2,0.0,238.0,13.67,67.0,31.7
09:05:24 00:12:26 UTC,551.0,0.0,7.37,0.0,217.0,12.28,67.0,31.7
09:05:24 00:12:36 UTC,529.0,0.0,9.03,0.0,207.0,15.05,67.0,31.7
09:05:24 00:12:47 UTC,549.0,0.0,7.37,0.0,211.0,12.28,67.0,31.7
09:05:24 00:12:57 UTC,523.0,0.0,7.37,0.0,232.0,12.28,67.0,31.7
09:05:24 00:13:08 UTC,579.0,0.0,7.37,0.0,281.0,12.28,67.0,31.7
09:05:24 00:13:19 UTC,585.0,0.0,7.37,0.0,316.0,12.28,67.0,31.7
09:05:24 00:13:29 UTC,589.0,0.0,10.69,0.0,347.0,17.82,67.0,31.7
09:05:24 00:13:40 UTC,566.0,0.0,7.37,0.0,320.0,12.28,67.0,31.7
09:05:24 00:13:50 UTC,607.0,0.0,9.03,0.0,349.0,15.05,67.0,31.7
09:05:24 00:14:01 UTC,596.0,0.0,7.37,0.0,389.0,12.28,67.0,31.7
09:05:24 00:14:11 UTC,578.0,0.0,7.37,0.0,294.0,12.28,67.0,31.7
09:05:24 00:14:22 UTC,580.0,0.0,7.37,0.0,339.0,12.28,67.0,31.7
09:05:24 00:14:32 UTC,609.0,0.0,7.37,0.0,339.0,12.28,67.0,31.7
09:05:24 00:14:43 UTC,555.0,0.0,7.37,0.0,333.0,12.28,67.0,31.7
09:05:24 00:14:54 UTC,546.0,0.0,7.37,0.0,245.0,12.28,67.0,31.7
09:05:24 00:15:04 UTC,543.0,0.0,7.37,0.0,246.0,12.28,67.0,31.7
09:05:24 00:15:15 UTC,531.0,0.0,7.37,0.0,208.0,12.28,67.0,31.7
09:05:24 00:15:25 UTC,513.0,0.0,8.2,0.0,168.0,13.67,67.0,31.7
09:05:24 00:15:36 UTC,526.0,0.0,23.14,0.0,177.0,38.57,67.0,31.7
09:05:24 00:15:46 UTC,517.0,0.0,7.37,0.0,183.0,12.28,67.0,31.7
09:05:24 00:15:57 UTC,528.0,0.0,7.37,0.0,179.0,12.28,67.0,31.7
09:05:24 00:16:07 UTC,534.0,0.0,7.37,0.0,189.0,12.28,67.0,31.7
09:05:24 00:16:18 UTC,549.0,0.0,11.52,0.0,215.0,19.2,67.0,31.6
09:05:24 00:16:28 UTC,533.0,0.0,7.37,0.0,201.0,12.28,67.0,31.6
09:05:24 00:16:39 UTC,493.0,0.0,7.37,0.0,154.0,12.28,67.0,31.6
09:05:24 00:16:50 UTC,483.0,0.0,7.37,0.0,116.0,12.28,67.0,31.6
09:05:24 00:17:00 UTC,518.0,0.0,7.37,0.0,136.0,12.28,67.0,31.6
09:05:24 00:17:11 UTC,527.0,0.0,9.86,0.0,198.0,16.43,67.0,31.6
09:05:24 00:17:21 UTC,561.0,0.0,9.03,0.0,225.0,15.05,67.0,31.6
09:05:24 00:17:32 UTC,570.0,0.0,9.86,0.0,240.0,16.43,67.0,31.5
09:05:24 00:17:42 UTC,586.0,0.0,7.37,0.0,336.0,12.28,67.0,31.5
09:05:24 00:17:53 UTC,585.0,0.0,7.37,0.0,308.0,12.28,67.0,31.5
09:05:24 00:18:03 UTC,576.0,0.0,8.2,0.0,302.0,13.67,67.0,31.6
09:05:24 00:18:14 UTC,604.0,0.0,7.37,0.0,330.0,12.28,67.0,31.6
09:05:24 00:18:24 UTC,543.0,0.0,7.37,0.0,263.0,12.28,67.0,31.6
09:05:24 00:18:35 UTC,566.0,0.0,20.65,0.0,251.0,34.42,67.0,31.6
09:05:24 00:18:46 UTC,539.0,0.0,7.37,0.0,218.0,12.28,67.0,31.6
09:05:24 00:18:56 UTC,536.0,0.0,7.37,0.0,190.0,12.28,67.0,31.6
09:05:24 00:19:07 UTC,536.0,0.0,7.37,0.0,197.0,12.28,67.0,31.6
09:05:24 00:19:17 UTC,543.0,0.0,9.03,0.0,193.0,15.05,67.0,31.6
09:05:24 00:19:28 UTC,535.0,0.0,8.2,0.0,208.0,13.67,67.0,31.6
09:05:24 00:19:38 UTC,543.0,0.0,8.2,0.0,213.0,13.67,67.0,31.6
09:05:24 00:19:49 UTC,518.0,0.0,9.86,0.0,173.0,16.43,67.0,31.6
09:05:24 00:19:59 UTC,512.0,0.0,7.37,0.0,132.0,12.28,67.0,31.6
09:05:24 00:20:10 UTC,541.0,0.0,9.86,0.0,186.0,16.43,67.0,31.6
09:05:24 00:20:21 UTC,538.0,0.0,8.2,0.0,206.0,13.67,67.0,31.5
09:05:24 00:20:31 UTC,531.0,0.0,7.37,0.0,193.0,12.28,67.0,31.5
09:05:24 00:20:42 UTC,520.0,0.0,16.5,0.0,195.0,27.5,67.0,31.5
09:05:24 00:20:52 UTC,539.0,0.0,7.37,0.0,188.0,12.28,67.0,31.5
09:05:24 00:21:03 UTC,530.0,0.0,8.2,0.0,189.0,13.67,67.0,31.5
09:05:24 00:21:13 UTC,518.0,0.0,7.37,0.0,200.0,12.28,67.0,31.5
09:05:24 00:21:24 UTC,521.0,0.0,7.37,0.0,182.0,12.28,67.0,31.5
09:05:24 00:21:34 UTC,511.0,0.0,7.37,0.0,152.0,12.28,67.0,31.5
09:05:24 00:21:45 UTC,529.0,0.0,8.2,0.0,172.0,13.67,67.0,31.5
09:05:24 00:21:55 UTC,546.0,0.0,7.37,0.0,186.0,12.28,67.0,31.5
09:05:24 00:22:06 UTC,566.0,0.0,8.2,0.0,222.0,13.67,67.0,31.5
09:05:24 00:22:17 UTC,534.0,0.0,8.2,0.0,231.0,13.67,67.0,31.5
09:05:24 00:22:27 UTC,533.0,0.0,8.2,0.0,207.0,13.67,67.0,31.5
09:05:24 00:22:38 UTC,530.0,0.0,16.5,0.0,196.0,27.5,67.0,31.5
09:05:24 00:22:48 UTC,541.0,0.0,7.37,0.0,201.0,12.28,67.0,31.5
09:05:24 00:22:59 UTC,555.0,0.0,12.35,0.0,199.0,20.59,67.0,31.5
09:05:24 00:23:09 UTC,530.0,0.0,7.37,0.0,217.0,12.28,67.0,31.5
09:05:24 00:23:20 UTC,563.0,0.0,7.37,0.0,222.0,12.28,67.0,31.5
09:05:24 00:23:30 UTC,506.0,0.0,7.37,0.0,194.0,12.28,67.0,31.5
09:05:24 00:23:41 UTC,551.0,0.0,9.03,0.0,182.0,15.05,67.0,31.5
09:05:24 00:23:51 UTC,568.0,0.0,8.2,0.0,230.0,13.67,67.0,31.5
09:05:24 00:24:02 UTC,572.0,0.0,7.37,0.0,266.0,12.28,67.0,31.5
09:05:24 00:24:13 UTC,533.0,0.0,7.37,0.0,252.0,12.28,67.0,31.6
09:05:24 00:24:23 UTC,592.0,0.0,7.37,0.0,268.0,12.28,67.0,31.6
09:05:24 00:24:34 UTC,561.0,0.0,8.2,0.0,252.0,13.67,67.0,31.6
09:05:24 00:24:44 UTC,546.0,0.0,6.54,0.0,242.0,10.9,67.0,31.6
09:05:24 00:24:55 UTC,493.0,0.0,9.03,0.0,170.0,15.05,67.0,31.6
09:05:24 00:25:05 UTC,506.0,0.0,9.03,0.0,135.0,15.05,67.0,31.6
09:05:24 00:25:16 UTC,511.0,0.0,8.2,0.0,145.0,13.67,67.0,31.6
09:05:24 00:25:26 UTC,512.0,0.0,7.37,0.0,151.0,12.28,67.0,31.6
09:05:24 00:25:37 UTC,469.0,0.0,7.37,0.0,105.0,12.28,67.0,31.6
09:05:24 00:25:47 UTC,534.0,0.0,7.37,0.0,137.0,12.28,67.0,31.6
09:05:24 00:25:58 UTC,551.0,0.0,7.37,0.0,194.0,12.28,67.0,31.6
09:05:24 00:26:09 UTC,532.0,0.0,7.37,0.0,193.0,12.28,67.0,31.6
09:05:24 00:26:19 UTC,499.0,0.0,7.37,0.0,148.0,12.28,67.0,31.5
09:05:24 00:26:30 UTC,523.0,0.0,7.37,0.0,152.0,12.28,67.0,31.5
09:05:24 00:26:40 UTC,526.0,0.0,7.37,0.0,153.0,12.28,67.0,31.5
09:05:24 00:26:51 UTC,532.0,0.0,7.37,0.0,156.0,12.28,67.0,31.5
09:05:24 00:27:01 UTC,513.0,0.0,7.37,0.0,156.0,12.28,67.0,31.5
09:05:24 00:27:12 UTC,531.0,0.0,7.37,0.0,156.0,12.28,67.0,31.5
09:05:24 00:27:22 UTC,528.0,0.0,7.37,0.0,169.0,12.28,68.0,31.5
09:05:24 00:27:33 UTC,557.0,0.0,7.37,0.0,202.0,12.28,68.0,31.5
09:05:24 00:27:44 UTC,517.0,0.0,8.2,0.0,170.0,13.67,68.0,31.5
09:05:24 00:27:54 UTC,521.0,0.0,9.86,0.0,186.0,16.43,68.0,31.5
09:05:24 00:28:05 UTC,563.0,0.0,7.37,0.0,210.0,12.28,68.0,31.5
09:05:24 00:28:15 UTC,566.0,0.0,7.37,0.0,243.0,12.28,68.0,31.5
09:05:24 00:28:26 UTC,557.0,0.0,7.37,0.0,243.0,12.28,68.0,31.5
09:05:24 00:28:36 UTC,527.0,0.0,7.37,0.0,194.0,12.28,68.0,31.5
09:05:24 00:28:47 UTC,536.0,0.0,7.37,0.0,175.0,12.28,68.0,31.5
09:05:24 00:28:57 UTC,543.0,0.0,8.2,0.0,184.0,13.67,68.0,31.5
09:05:24 00:29:08 UTC,551.0,0.0,18.99,0.0,196.0,31.65,68.0,31.4
09:05:24 00:29:18 UTC,512.0,0.0,7.37,0.0,171.0,12.28,68.0,31.5
09:05:24 00:29:29 UTC,466.0,0.0,10.69,0.0,98.0,17.82,68.0,31.4
09:05:24 00:29:40 UTC,477.0,0.0,7.37,0.0,106.0,12.28,68.0,31.4
09:05:24 00:29:50 UTC,527.0,0.0,7.37,0.0,132.0,12.28,68.0,31.4
09:05:24 00:30:01 UTC,510.0,0.0,9.86,0.0,135.0,16.43,68.0,31.4
09:05:24 00:30:11 UTC,470.0,0.0,7.37,0.0,89.0,12.28,68.0,31.4
09:05:24 00:30:22 UTC,485.0,0.0,11.52,0.0,62.0,19.2,68.0,31.4
09:05:24 00:30:32 UTC,553.0,0.0,9.86,0.0,137.0,16.43,68.0,31.4
09:05:24 00:30:43 UTC,524.0,0.0,8.2,0.0,174.0,13.67,68.0,31.4
09:05:24 00:30:53 UTC,517.0,0.0,7.37,0.0,175.0,12.28,68.0,31.4
09:05:24 00:31:04 UTC,533.0,0.0,7.37,0.0,170.0,12.28,68.0,31.4
09:05:24 00:31:14 UTC,472.0,0.0,7.37,0.0,126.0,12.28,68.0,31.4
09:05:24 00:31:25 UTC,475.0,0.0,7.37,0.0,89.0,12.28,68.0,31.4
09:05:24 00:31:36 UTC,503.0,0.0,7.37,0.0,111.0,12.28,68.0,31.4
09:05:24 00:31:46 UTC,504.0,0.0,7.37,0.0,132.0,12.28,68.0,31.4
09:05:24 00:31:57 UTC,495.0,0.0,7.37,0.0,114.0,12.28,68.0,31.4
09:05:24 00:32:07 UTC,513.0,0.0,9.86,0.0,115.0,16.43,68.0,31.4
09:05:24 00:32:18 UTC,543.0,0.0,7.37,0.0,187.0,12.28,68.0,31.4
09:05:24 00:32:28 UTC,530.0,0.0,7.37,0.0,190.0,12.28,68.0,31.4
09:05:24 00:32:39 UTC,552.0,0.0,7.37,0.0,205.0,12.28,68.0,31.4
09:05:24 00:32:49 UTC,556.0,0.0,7.37,0.0,222.0,12.28,68.0,31.4
09:05:24 00:33:00 UTC,537.0,0.0,7.37,0.0,209.0,12.28,68.0,31.4
09:05:24 00:33:10 UTC,531.0,0.0,7.37,0.0,192.0,12.28,68.0,31.4
09:05:24 00:33:21 UTC,507.0,0.0,7.37,0.0,160.0,12.28,68.0,31.4
09:05:24 00:33:32 UTC,470.0,0.0,7.37,0.0,109.0,12.28,68.0,31.4
09:05:24 00:33:42 UTC,432.0,0.0,8.2,0.0,42.0,13.67,68.0,31.4
09:05:24 00:33:53 UTC,490.0,0.0,7.37,0.0,61.0,12.28,68.0,31.4
09:05:24 00:34:03 UTC,462.0,0.0,7.37,0.0,36.0,12.28,68.0,31.4
09:05:24 00:34:14 UTC,462.0,0.0,9.03,0.0,26.0,15.05,68.0,31.4
09:05:24 00:34:24 UTC,455.0,0.0,7.37,0.0,24.0,12.28,68.0,31.4
09:05:24 00:34:35 UTC,508.0,0.0,7.37,0.0,77.0,12.28,68.0,31.4
09:05:24 00:34:45 UTC,467.0,0.0,11.52,0.0,99.0,19.2,68.0,31.4
09:05:24 00:34:56 UTC,462.0,0.0,7.37,0.0,73.0,12.28,68.0,31.4
09:05:24 00:35:07 UTC,512.0,0.0,7.37,0.0,120.0,12.28,68.0,31.4
09:05:24 00:35:17 UTC,525.0,0.0,7.37,0.0,148.0,12.28,68.0,31.4
09:05:24 00:35:28 UTC,512.0,0.0,8.2,0.0,156.0,13.67,68.0,31.4
09:05:24 00:35:38 UTC,539.0,0.0,7.37,0.0,164.0,12.28,68.0,31.4
09:05:24 00:35:49 UTC,492.0,0.0,7.37,0.0,144.0,12.28,68.0,31.4
09:05:24 00:35:59 UTC,514.0,0.0,8.2,0.0,131.0,13.67,68.0,31.4
09:05:24 00:36:10 UTC,466.0,0.0,7.37,0.0,79.0,12.28,68.0,31.4
09:05:24 00:36:20 UTC,505.0,0.0,7.37,0.0,106.0,12.28,68.0,31.4
09:05:24 00:36:31 UTC,489.0,0.0,7.37,0.0,120.0,12.28,68.0,31.4
09:05:24 00:36:41 UTC,473.0,0.0,7.37,0.0,94.0,12.28,68.0,31.4
09:05:24 00:36:52 UTC,421.0,0.0,8.2,0.0,20.0,13.67,68.0,31.4
09:05:24 00:37:03 UTC,400.0,0.0,7.37,0.0,0.0,12.28,68.0,31.4
09:05:24 00:37:13 UTC,446.0,0.0,7.37,0.0,0.0,12.28,68.0,31.4
09:05:24 00:37:24 UTC,476.0,0.0,7.37,0.0,9.0,12.28,68.0,31.4
09:05:24 00:37:34 UTC,508.0,0.0,12.35,0.0,85.0,20.59,68.0,31.3
09:05:24 00:37:45 UTC,550.0,0.0,8.2,0.0,158.0,13.67,68.0,31.3
09:05:24 00:37:55 UTC,522.0,0.0,8.2,0.0,158.0,13.67,68.0,31.3
09:05:24 00:38:06 UTC,429.0,0.0,7.37,0.0,73.0,12.28,68.0,31.3
09:05:24 00:38:16 UTC,400.0,0.0,7.37,0.0,0.0,12.28,68.0,31.3
09:05:24 00:38:27 UTC,436.0,0.0,7.37,0.0,0.0,12.28,68.0,31.3
09:05:24 00:38:37 UTC,469.0,0.0,7.37,0.0,11.0,12.28,68.0,31.3
09:05:24 00:38:48 UTC,453.0,0.0,8.2,0.0,9.0,13.67,68.0,31.3
09:05:24 00:38:59 UTC,416.0,0.0,7.37,0.0,0.0,12.28,68.0,31.3
09:05:24 00:39:09 UTC,465.0,0.0,7.37,0.0,0.0,12.28,68.0,31.3
09:05:24 00:39:20 UTC,491.0,0.0,7.37,0.0,43.0,12.28,68.0,31.3
09:05:24 00:39:30 UTC,456.0,0.0,9.86,0.0,57.0,16.43,68.0,31.3
09:05:24 00:39:41 UTC,469.0,0.0,7.37,0.0,57.0,12.28,68.0,31.3
09:05:24 00:39:51 UTC,438.0,0.0,7.37,0.0,37.0,12.28,68.0,31.3
09:05:24 00:40:02 UTC,440.0,0.0,7.37,0.0,14.0,12.28,68.0,31.3
09:05:24 00:40:12 UTC,480.0,0.0,7.37,0.0,56.0,12.28,68.0,31.3
09:05:24 00:40:23 UTC,473.0,0.0,7.37,0.0,64.0,12.28,68.0,31.3
09:05:24 00:40:34 UTC,425.0,0.0,8.2,0.0,0.0,13.67,68.0,31.3
09:05:24 00:40:44 UTC,418.0,0.0,8.2,0.0,0.0,13.67,68.0,31.3
09:05:24 00:40:55 UTC,436.0,0.0,7.37,0.0,0.0,12.28,68.0,31.4
09:05:24 00:41:05 UTC,461.0,0.0,7.37,0.0,48.0,12.28,68.0,31.4
09:05:24 00:41:16 UTC,494.0,0.0,7.37,0.0,80.0,12.28,68.0,31.4
09:05:24 00:41:26 UTC,453.0,0.0,7.37,0.0,76.0,12.28,68.0,31.4
09:05:24 00:41:37 UTC,424.0,0.0,7.37,0.0,0.0,12.28,68.0,31.4
09:05:24 00:41:47 UTC,417.0,0.0,8.2,0.0,0.0,13.67,68.0,31.4
09:05:24 00:41:58 UTC,421.0,0.0,21.48,0.0,0.0,35.8,68.0,31.4
09:05:24 00:42:08 UTC,416.0,0.0,7.37,0.0,0.0,12.28,68.0,31.4
09:05:24 00:42:19 UTC,426.0,0.0,7.37,0.0,0.0,12.28,68.0,31.4
09:05:24 00:42:30 UTC,400.0,0.0,15.67,0.0,0.0,26.12,68.0,31.4
09:05:24 00:42:40 UTC,409.0,0.0,7.37,0.0,0.0,12.28,68.0,31.4
09:05:24 00:42:51 UTC,415.0,0.0,7.37,0.0,0.0,12.28,68.0,31.3
09:05:24 00:43:01 UTC,448.0,0.0,7.37,0.0,0.0,12.28,68.0,31.3
09:05:24 00:43:12 UTC,453.0,0.0,7.37,0.0,33.0,12.28,68.0,31.3
09:05:24 00:43:22 UTC,457.0,0.0,7.37,0.0,37.0,12.28,68.0,31.3
09:05:24 00:43:33 UTC,444.0,0.0,7.37,0.0,48.0,12.28,68.0,31.3
09:05:24 00:43:43 UTC,477.0,0.0,8.2,0.0,54.0,13.67,68.0,31.3
09:05:24 00:43:54 UTC,499.0,0.0,7.37,0.0,93.0,12.28,68.0,31.3
09:05:24 00:44:04 UTC,496.0,0.0,7.37,0.0,141.0,12.28,68.0,31.3
09:05:24 00:44:15 UTC,514.0,0.0,7.37,0.0,153.0,12.28,68.0,31.3
09:05:24 00:44:26 UTC,480.0,0.0,10.69,0.0,118.0,17.82,68.0,31.3
09:05:24 00:44:36 UTC,530.0,0.0,7.37,0.0,154.0,12.28,68.0,31.3
09:05:24 00:44:47 UTC,511.0,0.0,15.67,0.0,152.0,26.12,68.0,31.4
09:05:24 00:44:57 UTC,493.0,0.0,7.37,0.0,163.0,12.28,68.0,31.4
09:05:24 00:45:08 UTC,494.0,0.0,7.37,0.0,142.0,12.28,68.0,31.4
09:05:24 00:45:18 UTC,500.0,0.0,9.86,0.0,156.0,16.43,68.0,31.4
09:05:24 00:45:29 UTC,498.0,0.0,8.2,0.0,159.0,13.67,68.0,31.4
09:05:24 00:45:39 UTC,458.0,0.0,16.5,0.0,98.0,27.5,68.0,31.4
09:05:24 00:45:50 UTC,466.0,0.0,7.37,0.0,89.0,12.28,68.0,31.4
09:05:24 00:46:00 UTC,428.0,0.0,6.54,0.0,38.0,10.9,68.0,31.4
09:05:24 00:46:11 UTC,483.0,0.0,13.18,0.0,49.0,21.97,68.0,31.4
09:05:24 00:46:22 UTC,434.0,0.0,12.35,0.0,42.0,20.59,68.0,31.4
09:05:24 00:46:32 UTC,438.0,0.0,7.37,0.0,17.0,12.28,68.0,31.4
09:05:24 00:46:43 UTC,460.0,0.0,7.37,0.0,21.0,12.28,68.0,31.4
09:05:24 00:46:53 UTC,482.0,0.0,7.37,0.0,68.0,12.28,67.0,31.4
09:05:24 00:47:04 UTC,485.0,0.0,7.37,0.0,106.0,12.28,67.0,31.4
09:05:24 00:47:14 UTC,485.0,0.0,7.37,0.0,104.0,12.28,67.0,31.4
09:05:24 00:47:25 UTC,478.0,0.0,7.37,0.0,93.0,12.28,67.0,31.4
09:05:24 00:47:35 UTC,504.0,0.0,9.86,0.0,103.0,16.43,67.0,31.4
09:05:24 00:47:46 UTC,505.0,0.0,8.2,0.0,130.0,13.67,67.0,31.4
09:05:24 00:47:57 UTC,443.0,0.0,9.03,0.0,107.0,15.05,67.0,31.4
09:05:24 00:48:07 UTC,433.0,0.0,8.2,0.0,37.0,13.67,67.0,31.4
09:05:24 00:48:18 UTC,435.0,0.0,7.37,0.0,4.0,12.28,67.0,31.4
09:05:24 00:48:28 UTC,469.0,0.0,6.54,0.0,49.0,10.9,67.0,31.4
09:05:24 00:48:39 UTC,462.0,0.0,7.37,0.0,68.0,12.28,68.0,31.4
09:05:24 00:48:49 UTC,455.0,0.0,8.2,0.0,78.0,13.67,68.0,31.4
09:05:24 00:49:00 UTC,450.0,0.0,15.67,0.0,51.0,26.12,68.0,31.4
09:05:24 00:49:10 UTC,400.0,0.0,9.03,0.0,0.0,15.05,68.0,31.4
09:05:24 00:49:21 UTC,402.0,0.0,8.2,0.0,0.0,13.67,68.0,31.4
09:05:24 00:49:31 UTC,400.0,0.0,7.37,0.0,0.0,12.28,68.0,31.4
09:05:24 00:49:42 UTC,442.0,0.0,7.37,0.0,0.0,12.28,68.0,31.4
09:05:24 00:49:53 UTC,480.0,0.0,7.37,0.0,0.0,12.28,68.0,31.4
09:05:24 00:50:03 UTC,516.0,0.0,7.37,0.0,47.0,12.28,68.0,31.4
09:05:24 00:50:14 UTC,448.0,0.0,7.37,0.0,6.0,12.28,68.0,31.4
09:05:24 00:50:24 UTC,444.0,0.0,7.37,0.0,0.0,12.28,68.0,31.4
09:05:24 00:50:35 UTC,469.0,0.0,6.54,0.0,0.0,10.9,68.0,31.4
09:05:24 00:50:45 UTC,482.0,0.0,7.37,0.0,14.0,12.28,68.0,31.4
09:05:24 00:50:56 UTC,470.0,0.0,7.37,0.0,32.0,12.28,68.0,31.4
09:05:24 00:51:06 UTC,482.0,0.0,8.2,0.0,29.0,13.67,68.0,31.3
09:05:24 00:51:17 UTC,482.0,0.0,7.37,0.0,71.0,12.28,68.0,31.3
09:05:24 00:51:27 UTC,471.0,0.0,7.37,0.0,56.0,12.28,68.0,31.3
09:05:24 00:51:38 UTC,495.0,0.0,7.37,0.0,82.0,12.28,68.0,31.3
09:05:24 00:51:49 UTC,473.0,0.0,9.03,0.0,74.0,15.05,68.0,31.3
09:05:24 00:51:59 UTC,475.0,0.0,7.37,0.0,73.0,12.28,68.0,31.3
09:05:24 00:52:10 UTC,479.0,0.0,7.37,0.0,79.0,12.28,68.0,31.3
09:05:24 00:52:20 UTC,431.0,0.0,7.37,0.0,10.0,12.28,68.0,31.4
09:05:24 00:52:31 UTC,423.0,0.0,7.37,0.0,0.0,12.28,68.0,31.4
09:05:24 00:52:41 UTC,408.0,0.0,7.37,0.0,0.0,12.28,68.0,31.4
09:05:24 00:52:52 UTC,419.0,0.0,7.37,0.0,0.0,12.28,68.0,31.4
09:05:24 00:53:02 UTC,407.0,0.0,23.97,0.0,0.0,39.95,68.0,31.4
09:05:24 00:53:13 UTC,445.0,0.0,7.37,0.0,0.0,12.28,68.0,31.4
09:05:24 00:53:23 UTC,455.0,0.0,7.37,0.0,0.0,12.28,68.0,31.4
09:05:24 00:53:34 UTC,436.0,0.0,8.2,0.0,0.0,13.67,68.0,31.4
09:05:24 00:53:45 UTC,472.0,0.0,7.37,0.0,25.0,12.28,68.0,31.4
09:05:24 00:53:55 UTC,455.0,0.0,9.03,0.0,25.0,15.05,68.0,31.3
09:05:24 00:54:06 UTC,457.0,0.0,9.03,0.0,19.0,15.05,68.0,31.3
09:05:24 00:54:16 UTC,475.0,0.0,7.37,0.0,64.0,12.28,68.0,31.3
09:05:24 00:54:27 UTC,457.0,0.0,8.2,0.0,68.0,13.67,68.0,31.3
09:05:24 00:54:37 UTC,418.0,0.0,7.37,0.0,23.0,12.28,68.0,31.3
09:05:24 00:54:48 UTC,467.0,0.0,7.37,0.0,31.0,12.28,68.0,31.4
09:05:24 00:54:58 UTC,490.0,0.0,7.37,0.0,63.0,12.28,68.0,31.4
09:05:24 00:55:09 UTC,467.0,0.0,7.37,0.0,79.0,12.28,68.0,31.4
09:05:24 00:55:20 UTC,457.0,0.0,7.37,0.0,46.0,12.28,68.0,31.4
09:05:24 00:55:30 UTC,489.0,0.0,7.37,0.0,79.0,12.28,68.0,31.3
09:05:24 00:55:41 UTC,430.0,0.0,7.37,0.0,42.0,12.28,68.0,31.3
09:05:24 00:55:51 UTC,455.0,0.0,7.37,0.0,42.0,12.28,68.0,31.3
09:05:24 00:56:02 UTC,471.0,0.0,7.37,0.0,55.0,12.28,68.0,31.3
09:05:24 00:56:12 UTC,452.0,0.0,7.37,0.0,48.0,12.28,68.0,31.3
09:05:24 00:56:23 UTC,452.0,0.0,9.86,0.0,38.0,16.43,68.0,31.3
09:05:24 00:56:33 UTC,458.0,0.0,7.37,0.0,30.0,12.28,68.0,31.4
09:05:24 00:56:44 UTC,438.0,0.0,7.37,0.0,3.0,12.28,68.0,31.4
09:05:24 00:56:54 UTC,470.0,0.0,8.2,0.0,27.0,13.67,68.0,31.4
09:05:24 00:57:05 UTC,455.0,0.0,8.2,0.0,31.0,13.67,68.0,31.4
09:05:24 00:57:16 UTC,452.0,0.0,7.37,0.0,35.0,12.28,68.0,31.4
09:05:24 00:57:26 UTC,458.0,0.0,7.37,0.0,24.0,12.28,68.0,31.4
09:05:24 00:57:37 UTC,434.0,0.0,7.37,0.0,42.0,12.28,67.0,31.4
09:05:24 00:57:47 UTC,494.0,0.0,8.2,0.0,75.0,13.67,67.0,31.4
09:05:24 00:57:58 UTC,467.0,0.0,7.37,0.0,76.0,12.28,67.0,31.4
09:05:24 00:58:08 UTC,450.0,0.0,7.37,0.0,62.0,12.28,68.0,31.4
09:05:24 00:58:19 UTC,470.0,0.0,7.37,0.0,58.0,12.28,68.0,31.4
09:05:24 00:58:29 UTC,472.0,0.0,7.37,0.0,82.0,12.28,68.0,31.4
09:05:24 00:58:40 UTC,503.0,0.0,7.37,0.0,112.0,12.28,68.0,31.4
09:05:24 00:58:50 UTC,474.0,0.0,9.86,0.0,109.0,16.43,68.0,31.4
09:05:24 00:59:01 UTC,439.0,0.0,7.37,0.0,76.0,12.28,68.0,31.3
09:05:24 00:59:12 UTC,428.0,0.0,7.37,0.0,19.0,12.28,68.0,31.3
09:05:24 00:59:22 UTC,400.0,0.0,8.2,0.0,0.0,13.67,68.0,31.3
09:05:24 00:59:33 UTC,400.0,0.0,7.37,0.0,0.0,12.28,68.0,31.3
09:05:24 00:59:43 UTC,402.0,0.0,7.37,0.0,0.0,12.28,68.0,31.3
09:05:24 00:59:54 UTC,400.0,0.0,7.37,0.0,0.0,12.28,68.0,31.2
09:05:24 01:00:04 UTC,400.0,0.0,7.37,0.0,0.0,12.28,68.0,31.2
09:05:24 01:00:15 UTC,400.0,0.0,7.37,0.0,0.0,12.28,68.0,31.2
09:05:24 01:00:25 UTC,403.0,0.0,7.37,0.0,0.0,12.28,68.0,31.2
09:05:24 01:00:36 UTC,400.0,0.0,7.37,0.0,0.0,12.28,68.0,31.2
09:05:24 01:00:46 UTC,400.0,0.0,7.37,0.0,0.0,12.28,68.0,31.1
09:05:24 01:00:57 UTC,435.0,0.0,7.37,0.0,0.0,12.28,68.0,31.1
09:05:24 01:01:08 UTC,422.0,0.0,7.37,0.0,0.0,12.28,68.0,31.2
09:05:24 01:01:18 UTC,434.0,0.0,8.2,0.0,9.0,13.67,68.0,31.2
09:05:24 01:01:29 UTC,422.0,0.0,7.37,0.0,11.0,12.28,68.0,31.2
09:05:24 01:01:39 UTC,400.0,0.0,7.37,0.0,0.0,12.28,68.0,31.2
09:05:24 01:01:50 UTC,400.0,0.0,7.37,0.0,0.0,12.28,68.0,31.2
09:05:24 01:02:00 UTC,402.0,0.0,13.18,0.0,0.0,21.97,68.0,31.2
